{
  "type": "FeatureCollection",
  "generator": "overpass-turbo",
  "copyright": "The data included in this document is from www.openstreetmap.org. The data is made available under ODbL.",
  "timestamp": "2026-08-21T14:35:36Z",
  "features": [
    {
      "type": "Feature",
      "properties": {
        "@id": "way/22951928",
        "addr:city": "Leeds",
        "addr:postcode": "LS2 9JT",
        "building": "university",
        "building:levels": "6",
        "name": "E C Stoner Building",
        "ref:GB:uprn": "72650720",
        "wikidata": "Q26237205"
      },
      "geometry": {
        "type": "Polygon",
        "coordinates": [
          [
            [
              -1.5543165,
              53.8053113
            ],
            [
              -1.5542649,
              53.8053113
            ],
            [
              -1.5539113,
              53.8053112
            ],
            [
              -1.5532375,
              53.8053111
            ],
            [
              -1.5526423,
              53.805311
            ],
            [
              -1.5523878,
              53.805311
            ],
            [
              -1.5519553,
              53.805311
            ],
            [
              -1.5510759,
              53.8053108
            ],
            [
              -1.5510759,
              53.8053232
            ],
            [
              -1.5510758,
              53.8054616
            ],
            [
              -1.5524166,
              53.8054614
            ],
            [
              -1.552638,
              53.8054621
            ],
            [
              -1.5540789,
              53.8054624
            ],
            [
              -1.5540772,
              53.8055224
            ],
            [
              -1.5543176,
              53.8055226
            ],
            [
              -1.5543164,
              53.8054662
            ],
            [
              -1.5543164,
              53.8054537
            ],
            [
              -1.5543164,
              53.8054393
            ],
            [
              -1.5543164,
              53.8054082
            ],
            [
              -1.5543165,
              53.8053113
            ]
          ]
        ]
      },
      "id": "way/22951928"
    },
    {
      "type": "Feature",
      "properties": {
        "@id": "way/23000462",
        "addr:city": "Leeds",
        "addr:postcode": "LS2 9JT",
        "building": "university",
        "name": "Maths / Earth & Environment",
        "opening_hours": "Mo-Fr 09:00-17:30; Sa,Su off",
        "ref:GB:uprn": "72667176",
        "wikidata": "Q26262662"
      },
      "geometry": {
        "type": "Polygon",
        "coordinates": [
          [
            [
              -1.554543,
              53.8054386
            ],
            [
              -1.5545432,
              53.8054539
            ],
            [
              -1.5545433,
              53.8054655
            ],
            [
              -1.5545462,
              53.8056336
            ],
            [
              -1.5545287,
              53.8056387
            ],
            [
              -1.5545133,
              53.8056458
            ],
            [
              -1.5544976,
              53.805657
            ],
            [
              -1.554488,
              53.8056685
            ],
            [
              -1.5544828,
              53.805681
            ],
            [
              -1.5544821,
              53.805692
            ],
            [
              -1.5544848,
              53.8057028
            ],
            [
              -1.5544954,
              53.8057182
            ],
            [
              -1.5545128,
              53.8057313
            ],
            [
              -1.5545265,
              53.8057378
            ],
            [
              -1.5545421,
              53.8057428
            ],
            [
              -1.5545466,
              53.8057888
            ],
            [
              -1.5545688,
              53.8057898
            ],
            [
              -1.5547895,
              53.8057892
            ],
            [
              -1.5547865,
              53.8055787
            ],
            [
              -1.5560629,
              53.8055815
            ],
            [
              -1.5561294,
              53.8055805
            ],
            [
              -1.5561355,
              53.8057254
            ],
            [
              -1.5561355,
              53.8057701
            ],
            [
              -1.5563786,
              53.8057711
            ],
            [
              -1.5563734,
              53.8055791
            ],
            [
              -1.556373,
              53.8055459
            ],
            [
              -1.5563701,
              53.8054314
            ],
            [
              -1.5563714,
              53.805384
            ],
            [
              -1.556338,
              53.8053841
            ],
            [
              -1.5563369,
              53.8054328
            ],
            [
              -1.5561937,
              53.8054317
            ],
            [
              -1.5561957,
              53.8053845
            ],
            [
              -1.5561752,
              53.8053844
            ],
            [
              -1.5561329,
              53.8053847
            ],
            [
              -1.5561344,
              53.8054318
            ],
            [
              -1.5548174,
              53.8054357
            ],
            [
              -1.5547368,
              53.8054376
            ],
            [
              -1.5547083,
              53.8054376
            ],
            [
              -1.5546828,
              53.8054376
            ],
            [
              -1.554543,
              53.8054386
            ]
          ]
        ]
      },
      "id": "way/23000462"
    },
    {
      "type": "Feature",
      "properties": {
        "@id": "way/29042486",
        "addr:city": "Leeds",
        "addr:postcode": "LS2 9JT",
        "building": "university",
        "layer": "1",
        "name": "Priestley Building",
        "nohousenumber": "yes",
        "old_name": "Staff Centre",
        "ref:GB:uprn": "72667177",
        "wikidata": "Q26262667"
      },
      "geometry": {
        "type": "Polygon",
        "coordinates": [
          [
            [
              -1.5563714,
              53.805384
            ],
            [
              -1.5563658,
              53.8047563
            ],
            [
              -1.5563029,
              53.8047565
            ],
            [
              -1.5563035,
              53.8048152
            ],
            [
              -1.5561277,
              53.8048158
            ],
            [
              -1.5561329,
              53.8053847
            ],
            [
              -1.5561957,
              53.8053845
            ],
            [
              -1.556338,
              53.8053841
            ],
            [
              -1.5563714,
              53.805384
            ]
          ]
        ]
      },
      "id": "way/29042486"
    },
    {
      "type": "Feature",
      "properties": {
        "@id": "way/29042489",
        "addr:city": "Leeds",
        "addr:postcode": "LS2 9JT",
        "building": "university",
        "name": "Roger Stevens Building",
        "ref:GB:uprn": "72674246;72650723",
        "wikidata": "Q17533992"
      },
      "geometry": {
        "type": "Polygon",
        "coordinates": [
          [
            [
              -1.554966,
              53.8050292
            ],
            [
              -1.5549641,
              53.8048386
            ],
            [
              -1.554964,
              53.8047347
            ],
            [
              -1.5549389,
              53.8047347
            ],
            [
              -1.5547819,
              53.8047348
            ],
            [
              -1.5547502,
              53.8047348
            ],
            [
              -1.5547233,
              53.8047348
            ],
            [
              -1.5544667,
              53.8047349
            ],
            [
              -1.5544668,
              53.8048153
            ],
            [
              -1.5544297,
              53.8048154
            ],
            [
              -1.5544047,
              53.8048154
            ],
            [
              -1.5544047,
              53.8048668
            ],
            [
              -1.5543659,
              53.8048668
            ],
            [
              -1.554366,
              53.8049178
            ],
            [
              -1.5543661,
              53.8049826
            ],
            [
              -1.5544008,
              53.8049826
            ],
            [
              -1.5544008,
              53.8050053
            ],
            [
              -1.5544008,
              53.8050286
            ],
            [
              -1.554462,
              53.8050286
            ],
            [
              -1.5546596,
              53.8050302
            ],
            [
              -1.5547027,
              53.8050306
            ],
            [
              -1.554966,
              53.8050292
            ]
          ]
        ]
      },
      "id": "way/29042489"
    },
    {
      "type": "Feature",
      "properties": {
        "@id": "way/29042490",
        "addr:city": "Leeds",
        "addr:postcode": "LS2 9JT",
        "building": "university",
        "leisure": "sports_centre",
        "name": "The Edge",
        "website": "https://sport.leeds.ac.uk/",
        "wikidata": "Q26262673"
      },
      "geometry": {
        "type": "Polygon",
        "coordinates": [
          [
            [
              -1.5535487,
              53.8040485
            ],
            [
              -1.5530882,
              53.8040493
            ],
            [
              -1.5523112,
              53.8040506
            ],
            [
              -1.5523127,
              53.8043607
            ],
            [
              -1.5528252,
              53.8043598
            ],
            [
              -1.5528255,
              53.8044071
            ],
            [
              -1.5529907,
              53.8044068
            ],
            [
              -1.5529908,
              53.8044176
            ],
            [
              -1.5530806,
              53.8044174
            ],
            [
              -1.5530808,
              53.8044571
            ],
            [
              -1.5534589,
              53.8044564
            ],
            [
              -1.553459,
              53.8044816
            ],
            [
              -1.5535516,
              53.8044815
            ],
            [
              -1.553814,
              53.804481
            ],
            [
              -1.5538138,
              53.8044343
            ],
            [
              -1.5541117,
              53.8044338
            ],
            [
              -1.5541098,
              53.8040475
            ],
            [
              -1.5535487,
              53.8040485
            ]
          ]
        ]
      },
      "id": "way/29042490"
    },
    {
      "type": "Feature",
      "properties": {
        "@id": "way/43568076",
        "building": "university",
        "name": "LIGHT Building"
      },
      "geometry": {
        "type": "Polygon",
        "coordinates": [
          [
            [
              -1.5547363,
              53.8035228
            ],
            [
              -1.5547361,
              53.8035027
            ],
            [
              -1.5547334,
              53.8033152
            ],
            [
              -1.5547324,
              53.8032047
            ],
            [
              -1.5541451,
              53.8032065
            ],
            [
              -1.5541455,
              53.803244
            ],
            [
              -1.5541468,
              53.8033951
            ],
            [
              -1.5541482,
              53.8035268
            ],
            [
              -1.5543991,
              53.8035259
            ],
            [
              -1.5543996,
              53.8035752
            ],
            [
              -1.5545227,
              53.8035748
            ],
            [
              -1.5545221,
              53.8035235
            ],
            [
              -1.5547363,
              53.8035228
            ]
          ]
        ]
      },
      "id": "way/43568076"
    },
    {
      "type": "Feature",
      "properties": {
        "@id": "way/55451162",
        "addr:housename": "Engineering Building",
        "building": "university",
        "building:levels": "6",
        "source": "OS_OpenData_StreetView"
      },
      "geometry": {
        "type": "Polygon",
        "coordinates": [
          [
            [
              -1.5564435,
              53.8103245
            ],
            [
              -1.5562253,
              53.810436
            ],
            [
              -1.5563815,
              53.8105339
            ],
            [
              -1.5569055,
              53.8102847
            ],
            [
              -1.557482,
              53.8099911
            ],
            [
              -1.5577102,
              53.8098656
            ],
            [
              -1.5574044,
              53.8096533
            ],
            [
              -1.5573365,
              53.8096119
            ],
            [
              -1.5570067,
              53.8095642
            ],
            [
              -1.556755,
              53.8095278
            ],
            [
              -1.5564548,
              53.8096678
            ],
            [
              -1.5568191,
              53.8099212
            ],
            [
              -1.5569622,
              53.8100207
            ],
            [
              -1.5565776,
              53.8102342
            ],
            [
              -1.5564435,
              53.8103245
            ]
          ]
        ]
      },
      "id": "way/55451162"
    },
    {
      "type": "Feature",
      "properties": {
        "@id": "way/61979198",
        "building": "university",
        "source": "OS_OpenData_StreetView"
      },
      "geometry": {
        "type": "Polygon",
        "coordinates": [
          [
            [
              -1.5492101,
              53.8036388
            ],
            [
              -1.5490393,
              53.8037773
            ],
            [
              -1.5489621,
              53.8037441
            ],
            [
              -1.5488922,
              53.8038007
            ],
            [
              -1.5487694,
              53.8039002
            ],
            [
              -1.5486953,
              53.8038683
            ],
            [
              -1.5488188,
              53.8037682
            ],
            [
              -1.5487326,
              53.8037311
            ],
            [
              -1.5486015,
              53.8036747
            ],
            [
              -1.5482682,
              53.8035312
            ],
            [
              -1.5478234,
              53.8038915
            ],
            [
              -1.5477573,
              53.8039451
            ],
            [
              -1.5481127,
              53.8040981
            ],
            [
              -1.5483043,
              53.8041806
            ],
            [
              -1.5482459,
              53.8042278
            ],
            [
              -1.5483181,
              53.8042589
            ],
            [
              -1.5482878,
              53.8042835
            ],
            [
              -1.5483972,
              53.8043305
            ],
            [
              -1.5484585,
              53.8043569
            ],
            [
              -1.5484211,
              53.8043872
            ],
            [
              -1.5485021,
              53.8044221
            ],
            [
              -1.5486132,
              53.804332
            ],
            [
              -1.5491683,
              53.8038818
            ],
            [
              -1.5492065,
              53.8038508
            ],
            [
              -1.5494889,
              53.8039722
            ],
            [
              -1.5496609,
              53.8038327
            ],
            [
              -1.5492101,
              53.8036388
            ]
          ]
        ]
      },
      "id": "way/61979198"
    },
    {
      "type": "Feature",
      "properties": {
        "@id": "way/72849274",
        "access": "private",
        "addr:city": "Leeds",
        "addr:postcode": "LS2 9JT",
        "amenity": "library",
        "building": "yes",
        "name": "Edward Boyle Library",
        "ref:GB:uprn": "72650719",
        "toilets:wheelchair": "yes",
        "wheelchair": "yes",
        "wikidata": "Q24571869"
      },
      "geometry": {
        "type": "Polygon",
        "coordinates": [
          [
            [
              -1.5545135,
              53.8063658
            ],
            [
              -1.5547017,
              53.8063654
            ],
            [
              -1.5547004,
              53.8064256
            ],
            [
              -1.5548169,
              53.8064262
            ],
            [
              -1.5548164,
              53.8063647
            ],
            [
              -1.5550455,
              53.806364
            ],
            [
              -1.5550401,
              53.8057881
            ],
            [
              -1.5547895,
              53.8057892
            ],
            [
              -1.5545688,
              53.8057898
            ],
            [
              -1.5545466,
              53.8057888
            ],
            [
              -1.5544649,
              53.8057886
            ],
            [
              -1.5544685,
              53.8059439
            ],
            [
              -1.5545307,
              53.805943
            ],
            [
              -1.5545349,
              53.8059885
            ],
            [
              -1.5544705,
              53.8059899
            ],
            [
              -1.5544448,
              53.8059905
            ],
            [
              -1.5544491,
              53.8062149
            ],
            [
              -1.5544495,
              53.8062641
            ],
            [
              -1.5544502,
              53.8063657
            ],
            [
              -1.5545135,
              53.8063658
            ]
          ]
        ]
      },
      "id": "way/72849274"
    },
    {
      "type": "Feature",
      "properties": {
        "@id": "way/83603894",
        "addr:city": "Leeds",
        "addr:housename": "IT Services",
        "addr:postcode": "LS2 9JT",
        "addr:street": "University Precinct",
        "building": "university",
        "name": "IT Services",
        "ref:GB:uprn": "72751800"
      },
      "geometry": {
        "type": "Polygon",
        "coordinates": [
          [
            [
              -1.5543176,
              53.8055226
            ],
            [
              -1.5540772,
              53.8055224
            ],
            [
              -1.5540769,
              53.8056023
            ],
            [
              -1.5540768,
              53.8056328
            ],
            [
              -1.5540763,
              53.8057873
            ],
            [
              -1.5543168,
              53.8057876
            ],
            [
              -1.5543172,
              53.8056475
            ],
            [
              -1.5543176,
              53.8055226
            ]
          ]
        ]
      },
      "id": "way/83603894"
    },
    {
      "type": "Feature",
      "properties": {
        "@id": "way/84655376",
        "addr:city": "Leeds",
        "addr:postcode": "LS2 9JT",
        "building": "university",
        "layer": "1",
        "name": "Physics Research Deck",
        "ref:GB:uprn": "72751797",
        "wikidata": "Q26262666"
      },
      "geometry": {
        "type": "Polygon",
        "coordinates": [
          [
            [
              -1.5519651,
              53.8054806
            ],
            [
              -1.550849,
              53.8054867
            ],
            [
              -1.5508493,
              53.8055053
            ],
            [
              -1.5508618,
              53.8062909
            ],
            [
              -1.5511199,
              53.8062895
            ],
            [
              -1.551114,
              53.8059175
            ],
            [
              -1.5514241,
              53.8059158
            ],
            [
              -1.5514251,
              53.8059853
            ],
            [
              -1.5512338,
              53.8059863
            ],
            [
              -1.5512385,
              53.806288
            ],
            [
              -1.5516582,
              53.8062857
            ],
            [
              -1.5516592,
              53.8063502
            ],
            [
              -1.5519789,
              53.8063485
            ],
            [
              -1.5519727,
              53.8059603
            ],
            [
              -1.5517961,
              53.8059605
            ],
            [
              -1.5517953,
              53.8059138
            ],
            [
              -1.551972,
              53.8059128
            ],
            [
              -1.5519655,
              53.8055037
            ],
            [
              -1.5519651,
              53.8054806
            ]
          ]
        ]
      },
      "id": "way/84655376"
    },
    {
      "type": "Feature",
      "properties": {
        "@id": "way/84655378",
        "addr:housename": "Hillary Place",
        "building": "university",
        "name": "School of Education"
      },
      "geometry": {
        "type": "Polygon",
        "coordinates": [
          [
            [
              -1.55277,
              53.8063756
            ],
            [
              -1.5527939,
              53.8062521
            ],
            [
              -1.5523652,
              53.8062231
            ],
            [
              -1.5523943,
              53.8060733
            ],
            [
              -1.5521615,
              53.8060575
            ],
            [
              -1.552151,
              53.8061116
            ],
            [
              -1.5522984,
              53.8061216
            ],
            [
              -1.5522833,
              53.8061997
            ],
            [
              -1.5520527,
              53.8061841
            ],
            [
              -1.5520254,
              53.8063254
            ],
            [
              -1.55277,
              53.8063756
            ]
          ]
        ]
      },
      "id": "way/84655378"
    },
    {
      "type": "Feature",
      "properties": {
        "@id": "way/84656158",
        "addr:city": "Leeds",
        "addr:postcode": "LS2 9JT",
        "amenity": "theatre",
        "building": "university",
        "name": "Clothworkers' Centenary Hall",
        "ref:GB:uprn": "72652840",
        "wikidata": "Q26262154"
      },
      "geometry": {
        "type": "Polygon",
        "coordinates": [
          [
            [
              -1.5538527,
              53.8059082
            ],
            [
              -1.5538619,
              53.8057322
            ],
            [
              -1.5537319,
              53.8057284
            ],
            [
              -1.5537304,
              53.8057439
            ],
            [
              -1.5534248,
              53.8057338
            ],
            [
              -1.5534278,
              53.8057022
            ],
            [
              -1.5533773,
              53.8057005
            ],
            [
              -1.5533593,
              53.8058911
            ],
            [
              -1.5538527,
              53.8059082
            ]
          ]
        ]
      },
      "id": "way/84656158"
    },
    {
      "type": "Feature",
      "properties": {
        "@id": "way/84656860",
        "addr:city": "Leeds",
        "addr:postcode": "LS2 9JT",
        "building": "university",
        "building:levels": "2",
        "name": "Beech Grove House",
        "ref:GB:uprn": "72650731",
        "wikidata": "Q26234696"
      },
      "geometry": {
        "type": "Polygon",
        "coordinates": [
          [
            [
              -1.555884,
              53.8072604
            ],
            [
              -1.555914,
              53.8071301
            ],
            [
              -1.5556309,
              53.8071075
            ],
            [
              -1.555601,
              53.8072377
            ],
            [
              -1.555884,
              53.8072604
            ]
          ]
        ]
      },
      "id": "way/84656860"
    },
    {
      "type": "Feature",
      "properties": {
        "@id": "way/84656862",
        "addr:city": "Leeds",
        "addr:postcode": "LS2 9JT",
        "building": "university",
        "layer": "1",
        "name": "Marjorie and Arnold Ziff Building",
        "ref:GB:uprn": "72761737;72660017",
        "wikidata": "Q26262659"
      },
      "geometry": {
        "type": "Polygon",
        "coordinates": [
          [
            [
              -1.5531176,
              53.8065987
            ],
            [
              -1.5530931,
              53.8066425
            ],
            [
              -1.5531738,
              53.8066523
            ],
            [
              -1.5531433,
              53.8067359
            ],
            [
              -1.5539211,
              53.8068552
            ],
            [
              -1.5539374,
              53.8068163
            ],
            [
              -1.5539482,
              53.8067764
            ],
            [
              -1.5540627,
              53.8067785
            ],
            [
              -1.5540616,
              53.8066497
            ],
            [
              -1.5541744,
              53.8066499
            ],
            [
              -1.5541721,
              53.8064961
            ],
            [
              -1.554051,
              53.8065
            ],
            [
              -1.5540523,
              53.8064836
            ],
            [
              -1.5538775,
              53.8064904
            ],
            [
              -1.5536757,
              53.8065515
            ],
            [
              -1.5535312,
              53.8065848
            ],
            [
              -1.5533717,
              53.8065898
            ],
            [
              -1.5533502,
              53.8066027
            ],
            [
              -1.5532716,
              53.8065822
            ],
            [
              -1.5532438,
              53.8066194
            ],
            [
              -1.5531176,
              53.8065987
            ]
          ]
        ]
      },
      "id": "way/84656862"
    },
    {
      "type": "Feature",
      "properties": {
        "@id": "way/84735159",
        "addr:housename": "Social Sciences Building, The University of Leeds",
        "building": "university",
        "name": "Social Sciences Building",
        "wikidata": "Q26229363"
      },
      "geometry": {
        "type": "Polygon",
        "coordinates": [
          [
            [
              -1.5541717,
              53.8064694
            ],
            [
              -1.5541721,
              53.8064961
            ],
            [
              -1.5541744,
              53.8066499
            ],
            [
              -1.5541707,
              53.8068855
            ],
            [
              -1.5544569,
              53.8068857
            ],
            [
              -1.5545756,
              53.8068858
            ],
            [
              -1.5545756,
              53.8068497
            ],
            [
              -1.5545758,
              53.8067941
            ],
            [
              -1.5545761,
              53.8065911
            ],
            [
              -1.5544488,
              53.8065911
            ],
            [
              -1.5543588,
              53.806591
            ],
            [
              -1.5543591,
              53.8064695
            ],
            [
              -1.5541717,
              53.8064694
            ]
          ]
        ]
      },
      "id": "way/84735159"
    },
    {
      "type": "Feature",
      "properties": {
        "@id": "way/84735160",
        "addr:housename": "School of Earth and Environment",
        "building": "university"
      },
      "geometry": {
        "type": "Polygon",
        "coordinates": [
          [
            [
              -1.5560287,
              53.8058107
            ],
            [
              -1.556028,
              53.8057264
            ],
            [
              -1.5560274,
              53.8056487
            ],
            [
              -1.5559483,
              53.8056489
            ],
            [
              -1.5557822,
              53.8056494
            ],
            [
              -1.5557823,
              53.8056587
            ],
            [
              -1.5553122,
              53.80566
            ],
            [
              -1.5553134,
              53.8058127
            ],
            [
              -1.5560287,
              53.8058107
            ]
          ]
        ]
      },
      "id": "way/84735160"
    },
    {
      "type": "Feature",
      "properties": {
        "@id": "way/84735164",
        "addr:housenumber": "3-9",
        "addr:street": "Cavendish Road",
        "building": "university"
      },
      "geometry": {
        "type": "Polygon",
        "coordinates": [
          [
            [
              -1.5526989,
              53.806013
            ],
            [
              -1.5527582,
              53.8055809
            ],
            [
              -1.5525726,
              53.805572
            ],
            [
              -1.5525132,
              53.8060041
            ],
            [
              -1.5526989,
              53.806013
            ]
          ]
        ]
      },
      "id": "way/84735164"
    },
    {
      "type": "Feature",
      "properties": {
        "@id": "way/84736034",
        "addr:city": "Leeds",
        "addr:postcode": "LS2 3AR",
        "addr:street": "Woodhouse Lane",
        "alt_name": "Universities Chaplaincy",
        "building": "university",
        "name": "Emmanuel Centre",
        "ref:GB:uprn": "72039596",
        "wikidata": "Q26262654"
      },
      "geometry": {
        "type": "Polygon",
        "coordinates": [
          [
            [
              -1.5521014,
              53.8072004
            ],
            [
              -1.5521406,
              53.8071726
            ],
            [
              -1.5521865,
              53.807195
            ],
            [
              -1.5522348,
              53.8071607
            ],
            [
              -1.5522669,
              53.8071764
            ],
            [
              -1.5523525,
              53.8071154
            ],
            [
              -1.5523253,
              53.8071021
            ],
            [
              -1.5524806,
              53.8069916
            ],
            [
              -1.5525212,
              53.8070115
            ],
            [
              -1.5525814,
              53.8069687
            ],
            [
              -1.5525351,
              53.806946
            ],
            [
              -1.5525428,
              53.8069405
            ],
            [
              -1.5523316,
              53.8068368
            ],
            [
              -1.5520998,
              53.8070014
            ],
            [
              -1.5520868,
              53.806995
            ],
            [
              -1.5520145,
              53.8070464
            ],
            [
              -1.5520376,
              53.8070578
            ],
            [
              -1.5519449,
              53.8071238
            ],
            [
              -1.5521014,
              53.8072004
            ]
          ]
        ]
      },
      "id": "way/84736034"
    },
    {
      "type": "Feature",
      "properties": {
        "@id": "way/84736035",
        "addr:city": "Leeds",
        "addr:postcode": "LS2 3AR",
        "addr:street": "Woodhouse Lane",
        "amenity": "theatre",
        "building": "university",
        "name": "Workshop Theatre",
        "ref:GB:uprn": "72751801"
      },
      "geometry": {
        "type": "Polygon",
        "coordinates": [
          [
            [
              -1.5521862,
              53.8067763
            ],
            [
              -1.5521958,
              53.8067786
            ],
            [
              -1.5526088,
              53.8068774
            ],
            [
              -1.5527108,
              53.8067288
            ],
            [
              -1.5523875,
              53.8066514
            ],
            [
              -1.5522882,
              53.8066276
            ],
            [
              -1.5521862,
              53.8067763
            ]
          ]
        ]
      },
      "id": "way/84736035"
    },
    {
      "type": "Feature",
      "properties": {
        "@id": "way/84736040",
        "addr:city": "Leeds",
        "addr:postcode": "LS2 9JT",
        "building": "university",
        "name": "Health and Safety Services",
        "ref:GB:uprn": "72751795"
      },
      "geometry": {
        "type": "Polygon",
        "coordinates": [
          [
            [
              -1.5529737,
              53.8046961
            ],
            [
              -1.5530119,
              53.8046011
            ],
            [
              -1.5527343,
              53.8045622
            ],
            [
              -1.5526961,
              53.8046572
            ],
            [
              -1.5529737,
              53.8046961
            ]
          ]
        ]
      },
      "id": "way/84736040"
    },
    {
      "type": "Feature",
      "properties": {
        "@id": "way/84736042",
        "addr:housename": "Food Science Building",
        "building": "university",
        "name": "School of Food Science and Nutrition"
      },
      "geometry": {
        "type": "Polygon",
        "coordinates": [
          [
            [
              -1.55331,
              53.8047233
            ],
            [
              -1.5535834,
              53.8047723
            ],
            [
              -1.5535864,
              53.8049063
            ],
            [
              -1.5532824,
              53.8049034
            ],
            [
              -1.5531452,
              53.8049021
            ],
            [
              -1.5530392,
              53.805048
            ],
            [
              -1.5538087,
              53.8050502
            ],
            [
              -1.5538134,
              53.8047135
            ],
            [
              -1.5533505,
              53.8046396
            ],
            [
              -1.55331,
              53.8047233
            ]
          ]
        ]
      },
      "id": "way/84736042"
    },
    {
      "type": "Feature",
      "properties": {
        "@id": "way/84749515",
        "addr:city": "Leeds",
        "addr:housename": "Michael Sadler Building",
        "addr:postcode": "LS2 9JT",
        "building": "university",
        "building:levels": "6",
        "name": "Michael Sadler Building",
        "ref:GB:uprn": "72650714",
        "wikidata": "Q26248715"
      },
      "geometry": {
        "type": "Polygon",
        "coordinates": [
          [
            [
              -1.5533026,
              53.8069996
            ],
            [
              -1.5529021,
              53.8069894
            ],
            [
              -1.5528997,
              53.8071038
            ],
            [
              -1.5529657,
              53.8071052
            ],
            [
              -1.5529622,
              53.8071643
            ],
            [
              -1.5533864,
              53.807169
            ],
            [
              -1.55345,
              53.8071699
            ],
            [
              -1.5535137,
              53.8071707
            ],
            [
              -1.5535152,
              53.8071587
            ],
            [
              -1.5535939,
              53.8071609
            ],
            [
              -1.5535948,
              53.8071718
            ],
            [
              -1.5539608,
              53.8071764
            ],
            [
              -1.5539611,
              53.8071652
            ],
            [
              -1.5540114,
              53.807163
            ],
            [
              -1.5540126,
              53.8070999
            ],
            [
              -1.5540141,
              53.8070172
            ],
            [
              -1.5536149,
              53.8070089
            ],
            [
              -1.5536704,
              53.8069119
            ],
            [
              -1.5535939,
              53.8068964
            ],
            [
              -1.5535217,
              53.8068898
            ],
            [
              -1.5534343,
              53.8068883
            ],
            [
              -1.5533366,
              53.8068935
            ],
            [
              -1.5532584,
              53.8069025
            ],
            [
              -1.5533026,
              53.8069996
            ]
          ]
        ]
      },
      "id": "way/84749515"
    },
    {
      "type": "Feature",
      "properties": {
        "@id": "way/84749516",
        "addr:city": "Leeds",
        "addr:postcode": "LS2 9JT",
        "building": "university",
        "name": "School of English",
        "ref:GB:uprn": "72652839",
        "wikidata": "Q26215642"
      },
      "geometry": {
        "type": "Polygon",
        "coordinates": [
          [
            [
              -1.5533171,
              53.8065017
            ],
            [
              -1.5534591,
              53.8065043
            ],
            [
              -1.5534655,
              53.8063829
            ],
            [
              -1.5535181,
              53.8063839
            ],
            [
              -1.5535212,
              53.8063245
            ],
            [
              -1.5536431,
              53.8063267
            ],
            [
              -1.5536404,
              53.8063787
            ],
            [
              -1.5537495,
              53.8063807
            ],
            [
              -1.5537551,
              53.806273
            ],
            [
              -1.5536693,
              53.8062715
            ],
            [
              -1.5536736,
              53.8061886
            ],
            [
              -1.5535368,
              53.8061861
            ],
            [
              -1.5535388,
              53.8061481
            ],
            [
              -1.5533359,
              53.8061444
            ],
            [
              -1.5533171,
              53.8065017
            ]
          ]
        ]
      },
      "id": "way/84749516"
    },
    {
      "type": "Feature",
      "properties": {
        "@id": "way/84749521",
        "addr:city": "Leeds",
        "addr:postcode": "LS2 9JT",
        "building": "university",
        "name": "Baines Wing",
        "ref:GB:uprn": "72667175",
        "wikidata": "Q26234194"
      },
      "geometry": {
        "type": "Polygon",
        "coordinates": [
          [
            [
              -1.5543453,
              53.8077366
            ],
            [
              -1.5543994,
              53.8077392
            ],
            [
              -1.5544203,
              53.8076239
            ],
            [
              -1.5540725,
              53.8076258
            ],
            [
              -1.5540827,
              53.8074984
            ],
            [
              -1.5544094,
              53.8075108
            ],
            [
              -1.554414,
              53.8074837
            ],
            [
              -1.5544587,
              53.8074657
            ],
            [
              -1.5544629,
              53.8074422
            ],
            [
              -1.5544683,
              53.8074132
            ],
            [
              -1.5540895,
              53.8073919
            ],
            [
              -1.5540885,
              53.8074031
            ],
            [
              -1.5537897,
              53.8073926
            ],
            [
              -1.553767,
              53.8073938
            ],
            [
              -1.553744,
              53.8073938
            ],
            [
              -1.5531869,
              53.8073779
            ],
            [
              -1.5530475,
              53.8073756
            ],
            [
              -1.5530486,
              53.8074081
            ],
            [
              -1.5530457,
              53.8074641
            ],
            [
              -1.5530386,
              53.8075239
            ],
            [
              -1.5531089,
              53.8075252
            ],
            [
              -1.5531076,
              53.807551
            ],
            [
              -1.5531066,
              53.8075805
            ],
            [
              -1.5532413,
              53.807584
            ],
            [
              -1.5532424,
              53.8075672
            ],
            [
              -1.5534755,
              53.8075741
            ],
            [
              -1.5534766,
              53.8076273
            ],
            [
              -1.5535988,
              53.8076306
            ],
            [
              -1.5536006,
              53.8076028
            ],
            [
              -1.5537322,
              53.8076041
            ],
            [
              -1.5537356,
              53.8075772
            ],
            [
              -1.5537692,
              53.8075768
            ],
            [
              -1.5537623,
              53.8076726
            ],
            [
              -1.5537417,
              53.8076791
            ],
            [
              -1.5537961,
              53.8077783
            ],
            [
              -1.5540213,
              53.8077484
            ],
            [
              -1.5540919,
              53.8077515
            ],
            [
              -1.5542225,
              53.8077532
            ],
            [
              -1.5543262,
              53.8077514
            ],
            [
              -1.5543453,
              53.8077366
            ]
          ]
        ]
      },
      "id": "way/84749521"
    },
    {
      "type": "Feature",
      "properties": {
        "@id": "way/84749523",
        "access": "private",
        "amenity": "library",
        "building": "school",
        "name": "Brotherton Library",
        "wikidata": "Q4975734",
        "wikipedia": "en:Brotherton Library"
      },
      "geometry": {
        "type": "Polygon",
        "coordinates": [
          [
            [
              -1.553028,
              53.8078345
            ],
            [
              -1.5529818,
              53.8078345
            ],
            [
              -1.5529362,
              53.8078345
            ],
            [
              -1.5529306,
              53.8079426
            ],
            [
              -1.5529804,
              53.8079427
            ],
            [
              -1.5530211,
              53.8079427
            ],
            [
              -1.5530489,
              53.8079916
            ],
            [
              -1.5530877,
              53.8080299
            ],
            [
              -1.5531386,
              53.8080628
            ],
            [
              -1.5532069,
              53.8080915
            ],
            [
              -1.5532842,
              53.8081107
            ],
            [
              -1.5533704,
              53.8081194
            ],
            [
              -1.5534576,
              53.8081162
            ],
            [
              -1.5535528,
              53.8080981
            ],
            [
              -1.5536366,
              53.8080659
            ],
            [
              -1.5536877,
              53.8080344
            ],
            [
              -1.5537275,
              53.8079976
            ],
            [
              -1.5537524,
              53.8079981
            ],
            [
              -1.5537516,
              53.8080148
            ],
            [
              -1.5538266,
              53.8080159
            ],
            [
              -1.5538254,
              53.808047
            ],
            [
              -1.5540445,
              53.8080501
            ],
            [
              -1.5540435,
              53.808073
            ],
            [
              -1.5541654,
              53.8080748
            ],
            [
              -1.5541577,
              53.8082603
            ],
            [
              -1.5542886,
              53.8082622
            ],
            [
              -1.5542897,
              53.8082361
            ],
            [
              -1.5543826,
              53.8082374
            ],
            [
              -1.5543904,
              53.8080523
            ],
            [
              -1.5543188,
              53.8080513
            ],
            [
              -1.5543205,
              53.8080099
            ],
            [
              -1.554392,
              53.8080109
            ],
            [
              -1.5543924,
              53.8080011
            ],
            [
              -1.5545572,
              53.8080034
            ],
            [
              -1.5545635,
              53.8078442
            ],
            [
              -1.5543889,
              53.8078418
            ],
            [
              -1.5543896,
              53.8078243
            ],
            [
              -1.5543043,
              53.8078231
            ],
            [
              -1.5543054,
              53.8077938
            ],
            [
              -1.554221,
              53.8077926
            ],
            [
              -1.5542225,
              53.8077532
            ],
            [
              -1.5540919,
              53.8077515
            ],
            [
              -1.5540899,
              53.8078022
            ],
            [
              -1.553912,
              53.8077998
            ],
            [
              -1.5539104,
              53.8078406
            ],
            [
              -1.553856,
              53.8078399
            ],
            [
              -1.5538574,
              53.8078037
            ],
            [
              -1.5537686,
              53.8078004
            ],
            [
              -1.5537688,
              53.8078081
            ],
            [
              -1.5537372,
              53.8078073
            ],
            [
              -1.5536846,
              53.8077567
            ],
            [
              -1.5536142,
              53.807717
            ],
            [
              -1.5535451,
              53.8076932
            ],
            [
              -1.5534692,
              53.8076786
            ],
            [
              -1.5533546,
              53.8076748
            ],
            [
              -1.5532891,
              53.8076819
            ],
            [
              -1.5532267,
              53.8076958
            ],
            [
              -1.5531647,
              53.8077181
            ],
            [
              -1.553111,
              53.8077469
            ],
            [
              -1.553061,
              53.8077879
            ],
            [
              -1.553028,
              53.8078345
            ]
          ]
        ]
      },
      "id": "way/84749523"
    },
    {
      "type": "Feature",
      "properties": {
        "@id": "way/84749524",
        "addr:city": "Leeds",
        "addr:housename": "Parkinson Building",
        "addr:postcode": "LS2 9JT",
        "addr:street": "Cavendish Road",
        "building": "university",
        "name": "Parkinson Building",
        "ref:GB:uprn": "72650711",
        "wikidata": "Q7138541",
        "wikipedia": "en:Parkinson Building"
      },
      "geometry": {
        "type": "Polygon",
        "coordinates": [
          [
            [
              -1.5529529,
              53.8075223
            ],
            [
              -1.5529887,
              53.807523
            ],
            [
              -1.5529918,
              53.8074631
            ],
            [
              -1.5530183,
              53.8074636
            ],
            [
              -1.5530457,
              53.8074641
            ],
            [
              -1.5530486,
              53.8074081
            ],
            [
              -1.5530225,
              53.8074077
            ],
            [
              -1.5529955,
              53.8074072
            ],
            [
              -1.552897,
              53.8074054
            ],
            [
              -1.5528442,
              53.8074044
            ],
            [
              -1.5528408,
              53.80747
            ],
            [
              -1.5527834,
              53.8074689
            ],
            [
              -1.5527595,
              53.8074685
            ],
            [
              -1.5527572,
              53.8075115
            ],
            [
              -1.5525215,
              53.8075072
            ],
            [
              -1.5525076,
              53.807774
            ],
            [
              -1.5524778,
              53.8077735
            ],
            [
              -1.5524714,
              53.8078728
            ],
            [
              -1.5524686,
              53.8079507
            ],
            [
              -1.5524913,
              53.8079511
            ],
            [
              -1.552476,
              53.8082483
            ],
            [
              -1.5528024,
              53.8082528
            ],
            [
              -1.5529145,
              53.8082542
            ],
            [
              -1.5529306,
              53.8079426
            ],
            [
              -1.5529362,
              53.8078345
            ],
            [
              -1.5529516,
              53.8075482
            ],
            [
              -1.5529529,
              53.8075223
            ]
          ]
        ]
      },
      "id": "way/84749524"
    },
    {
      "type": "Feature",
      "properties": {
        "@id": "way/84749526",
        "addr:city": "Leeds",
        "addr:postcode": "LS2 9JT",
        "building": "university",
        "building:levels": "3",
        "name": "Chemistry Department",
        "ref:GB:uprn": "72685402",
        "wikidata": "Q26229047"
      },
      "geometry": {
        "type": "Polygon",
        "coordinates": [
          [
            [
              -1.5538186,
              53.8082608
            ],
            [
              -1.5534265,
              53.8082559
            ],
            [
              -1.553428,
              53.8082139
            ],
            [
              -1.5533263,
              53.8082127
            ],
            [
              -1.5533246,
              53.8082595
            ],
            [
              -1.5529145,
              53.8082542
            ],
            [
              -1.5528024,
              53.8082528
            ],
            [
              -1.5527985,
              53.8083566
            ],
            [
              -1.5527336,
              53.8083558
            ],
            [
              -1.5527274,
              53.808523
            ],
            [
              -1.5527226,
              53.8086507
            ],
            [
              -1.5528092,
              53.8086518
            ],
            [
              -1.5528057,
              53.8087461
            ],
            [
              -1.5530832,
              53.8087497
            ],
            [
              -1.5530828,
              53.8087601
            ],
            [
              -1.5531685,
              53.8087611
            ],
            [
              -1.5531918,
              53.8087844
            ],
            [
              -1.5532236,
              53.8088039
            ],
            [
              -1.5532538,
              53.808816
            ],
            [
              -1.5532873,
              53.8088246
            ],
            [
              -1.5533319,
              53.80883
            ],
            [
              -1.5533773,
              53.8088293
            ],
            [
              -1.5534174,
              53.8088233
            ],
            [
              -1.5534545,
              53.8088126
            ],
            [
              -1.5534896,
              53.808796
            ],
            [
              -1.5535175,
              53.8087752
            ],
            [
              -1.5536039,
              53.8087743
            ],
            [
              -1.5536043,
              53.8087625
            ],
            [
              -1.5538535,
              53.8087653
            ],
            [
              -1.5538566,
              53.8086701
            ],
            [
              -1.5540312,
              53.808672
            ],
            [
              -1.5540994,
              53.8086736
            ],
            [
              -1.5541018,
              53.8085928
            ],
            [
              -1.5540368,
              53.808593
            ],
            [
              -1.5539728,
              53.8085922
            ],
            [
              -1.5539766,
              53.808476
            ],
            [
              -1.5540395,
              53.8084768
            ],
            [
              -1.5541024,
              53.8084788
            ],
            [
              -1.5541051,
              53.8083882
            ],
            [
              -1.5540474,
              53.808389
            ],
            [
              -1.5540082,
              53.8083886
            ],
            [
              -1.554012,
              53.8082742
            ],
            [
              -1.5540451,
              53.8082746
            ],
            [
              -1.5540435,
              53.808073
            ],
            [
              -1.5540445,
              53.8080501
            ],
            [
              -1.5538254,
              53.808047
            ],
            [
              -1.5538186,
              53.8082608
            ]
          ]
        ]
      },
      "id": "way/84749526"
    },
    {
      "type": "Feature",
      "properties": {
        "@id": "way/84749528",
        "building": "university",
        "building:levels": "2",
        "name": "Clothworkers' Link Building"
      },
      "geometry": {
        "type": "Polygon",
        "coordinates": [
          [
            [
              -1.5566942,
              53.8075497
            ],
            [
              -1.5567486,
              53.8074254
            ],
            [
              -1.5566293,
              53.8074072
            ],
            [
              -1.5566022,
              53.807469
            ],
            [
              -1.5565733,
              53.8075351
            ],
            [
              -1.5565253,
              53.8076448
            ],
            [
              -1.5563891,
              53.807624
            ],
            [
              -1.5563185,
              53.8077853
            ],
            [
              -1.5565741,
              53.8078242
            ],
            [
              -1.5566942,
              53.8075497
            ]
          ]
        ]
      },
      "id": "way/84749528"
    },
    {
      "type": "Feature",
      "properties": {
        "@id": "way/84749529",
        "addr:city": "Leeds",
        "addr:housename": "Clothworkers' Building Central",
        "addr:postcode": "LS2 9JT",
        "building": "university",
        "name": "Clothworkers' Building Central",
        "ref:GB:uprn": "72761739;72751819"
      },
      "geometry": {
        "type": "Polygon",
        "coordinates": [
          [
            [
              -1.5564102,
              53.8075654
            ],
            [
              -1.5557603,
              53.8074787
            ],
            [
              -1.5551692,
              53.8074302
            ],
            [
              -1.5551342,
              53.8075621
            ],
            [
              -1.5551001,
              53.8076903
            ],
            [
              -1.5550766,
              53.8076884
            ],
            [
              -1.5550608,
              53.8077494
            ],
            [
              -1.5553129,
              53.8077819
            ],
            [
              -1.5557667,
              53.8078459
            ],
            [
              -1.5557773,
              53.8078211
            ],
            [
              -1.5562696,
              53.8078905
            ],
            [
              -1.5563185,
              53.8077853
            ],
            [
              -1.5563891,
              53.807624
            ],
            [
              -1.5564102,
              53.8075654
            ]
          ]
        ]
      },
      "id": "way/84749529"
    },
    {
      "type": "Feature",
      "properties": {
        "@id": "way/84749530",
        "addr:city": "Leeds",
        "addr:postcode": "LS2 9JT",
        "building": "university",
        "name": "Clothworkers' Building North",
        "ref:GB:uprn": "72751807",
        "wikidata": "Q63247807"
      },
      "geometry": {
        "type": "Polygon",
        "coordinates": [
          [
            [
              -1.5547588,
              53.8083921
            ],
            [
              -1.5549203,
              53.8077596
            ],
            [
              -1.5549253,
              53.8077423
            ],
            [
              -1.5550608,
              53.8077494
            ],
            [
              -1.5550766,
              53.8076884
            ],
            [
              -1.5550764,
              53.8076752
            ],
            [
              -1.5548936,
              53.8076631
            ],
            [
              -1.5547465,
              53.8076534
            ],
            [
              -1.5547196,
              53.8076507
            ],
            [
              -1.5547125,
              53.8076896
            ],
            [
              -1.5547057,
              53.807724
            ],
            [
              -1.5547276,
              53.8077267
            ],
            [
              -1.5547511,
              53.8077293
            ],
            [
              -1.5546591,
              53.8081024
            ],
            [
              -1.5546064,
              53.8080993
            ],
            [
              -1.5545994,
              53.8081331
            ],
            [
              -1.5545597,
              53.8081302
            ],
            [
              -1.5545537,
              53.8081536
            ],
            [
              -1.5545483,
              53.8081745
            ],
            [
              -1.5545117,
              53.8081712
            ],
            [
              -1.5544658,
              53.8083552
            ],
            [
              -1.5546088,
              53.8083676
            ],
            [
              -1.5546068,
              53.8083806
            ],
            [
              -1.5547588,
              53.8083921
            ]
          ]
        ]
      },
      "id": "way/84749530"
    },
    {
      "type": "Feature",
      "properties": {
        "@id": "way/84749532",
        "addr:city": "Leeds",
        "addr:housename": "Great Hall",
        "addr:postcode": "LS2 9JT",
        "building": "university",
        "name": "Great Hall",
        "ref:GB:uprn": "72650712",
        "wikidata": "Q5599287",
        "wikipedia": "en:Great Hall of the University of Leeds"
      },
      "geometry": {
        "type": "Polygon",
        "coordinates": [
          [
            [
              -1.5547057,
              53.807724
            ],
            [
              -1.5547125,
              53.8076896
            ],
            [
              -1.5547196,
              53.8076507
            ],
            [
              -1.5547511,
              53.8074771
            ],
            [
              -1.5547563,
              53.8074486
            ],
            [
              -1.5545709,
              53.8074369
            ],
            [
              -1.5545762,
              53.8074073
            ],
            [
              -1.5545813,
              53.8073796
            ],
            [
              -1.5545413,
              53.8073771
            ],
            [
              -1.5545019,
              53.8073746
            ],
            [
              -1.5544893,
              53.8074439
            ],
            [
              -1.5544629,
              53.8074422
            ],
            [
              -1.5544587,
              53.8074657
            ],
            [
              -1.554414,
              53.8074837
            ],
            [
              -1.5544094,
              53.8075108
            ],
            [
              -1.5544369,
              53.8075328
            ],
            [
              -1.5544203,
              53.8076239
            ],
            [
              -1.5543994,
              53.8077392
            ],
            [
              -1.5547001,
              53.8077582
            ],
            [
              -1.5547057,
              53.807724
            ]
          ]
        ]
      },
      "id": "way/84749532"
    },
    {
      "type": "Feature",
      "properties": {
        "@id": "way/84749534",
        "addr:housenumber": "14-20",
        "building": "university",
        "name": "14-20 Cromer Terrace"
      },
      "geometry": {
        "type": "Polygon",
        "coordinates": [
          [
            [
              -1.5573461,
              53.8066633
            ],
            [
              -1.5575812,
              53.8063393
            ],
            [
              -1.5574246,
              53.8062997
            ],
            [
              -1.5574069,
              53.8063242
            ],
            [
              -1.5573752,
              53.8063162
            ],
            [
              -1.5573698,
              53.8063237
            ],
            [
              -1.55734,
              53.8063162
            ],
            [
              -1.5573095,
              53.8063581
            ],
            [
              -1.5573748,
              53.8063747
            ],
            [
              -1.5572472,
              53.8065503
            ],
            [
              -1.5571636,
              53.8065291
            ],
            [
              -1.5571182,
              53.8065917
            ],
            [
              -1.5571983,
              53.806612
            ],
            [
              -1.5571897,
              53.8066238
            ],
            [
              -1.5573461,
              53.8066633
            ]
          ]
        ]
      },
      "id": "way/84749534"
    },
    {
      "type": "Feature",
      "properties": {
        "@id": "way/84749536",
        "building": "university",
        "name": "School of Performance and Cultural Industries"
      },
      "geometry": {
        "type": "Polygon",
        "coordinates": [
          [
            [
              -1.5558068,
              53.806506
            ],
            [
              -1.5558756,
              53.8062364
            ],
            [
              -1.5556871,
              53.8062197
            ],
            [
              -1.5556913,
              53.8062032
            ],
            [
              -1.5554622,
              53.8061828
            ],
            [
              -1.555408,
              53.8063953
            ],
            [
              -1.5553791,
              53.8063927
            ],
            [
              -1.5553696,
              53.80643
            ],
            [
              -1.5553603,
              53.8064664
            ],
            [
              -1.5558068,
              53.806506
            ]
          ]
        ]
      },
      "id": "way/84749536"
    },
    {
      "type": "Feature",
      "properties": {
        "@id": "way/84749537",
        "addr:city": "Leeds",
        "addr:postcode": "LS2 9JT",
        "building": "university",
        "building:levels": "5",
        "name": "Clothworkers' Building South",
        "ref:GB:uprn": "72736094",
        "wikidata": "Q26262153"
      },
      "geometry": {
        "type": "Polygon",
        "coordinates": [
          [
            [
              -1.5559623,
              53.8073712
            ],
            [
              -1.5566022,
              53.807469
            ],
            [
              -1.5566293,
              53.8074072
            ],
            [
              -1.5566864,
              53.8072797
            ],
            [
              -1.5566753,
              53.807278
            ],
            [
              -1.5566991,
              53.8072237
            ],
            [
              -1.5564168,
              53.8071806
            ],
            [
              -1.5563796,
              53.8071749
            ],
            [
              -1.5560693,
              53.8071274
            ],
            [
              -1.5559623,
              53.8073712
            ]
          ]
        ]
      },
      "id": "way/84749537"
    },
    {
      "type": "Feature",
      "properties": {
        "@id": "way/84749538",
        "addr:city": "Leeds",
        "addr:housenumber": "5-7",
        "addr:postcode": "LS2 9JU",
        "addr:street": "Cromer Terrace",
        "building": "university",
        "name": "Careers Centre",
        "ref:GB:uprn": "72554101"
      },
      "geometry": {
        "type": "Polygon",
        "coordinates": [
          [
            [
              -1.5579137,
              53.8062512
            ],
            [
              -1.5582394,
              53.8063351
            ],
            [
              -1.5583735,
              53.8061537
            ],
            [
              -1.5580478,
              53.8060698
            ],
            [
              -1.5579137,
              53.8062512
            ]
          ]
        ]
      },
      "id": "way/84749538"
    },
    {
      "type": "Feature",
      "properties": {
        "@id": "way/84749540",
        "addr:city": "Leeds",
        "addr:postcode": "LS2 9JU",
        "addr:street": "Cromer Terrace",
        "building": "university",
        "ref:GB:uprn": "72502455"
      },
      "geometry": {
        "type": "Polygon",
        "coordinates": [
          [
            [
              -1.558452,
              53.8063949
            ],
            [
              -1.5585969,
              53.806227
            ],
            [
              -1.5584788,
              53.8061937
            ],
            [
              -1.5583421,
              53.8063632
            ],
            [
              -1.558452,
              53.8063949
            ]
          ]
        ]
      },
      "id": "way/84749540"
    },
    {
      "type": "Feature",
      "properties": {
        "@id": "way/84749543",
        "addr:city": "Leeds",
        "addr:postcode": "LS2 9JT",
        "building": "university",
        "name": "Finsbury Road building",
        "ref:GB:uprn": "72724840"
      },
      "geometry": {
        "type": "Polygon",
        "coordinates": [
          [
            [
              -1.5523121,
              53.8048841
            ],
            [
              -1.5524062,
              53.8045823
            ],
            [
              -1.5521396,
              53.8045533
            ],
            [
              -1.5520455,
              53.8048552
            ],
            [
              -1.5523121,
              53.8048841
            ]
          ]
        ]
      },
      "id": "way/84749543"
    },
    {
      "type": "Feature",
      "properties": {
        "@id": "way/84749544",
        "addr:city": "Leeds",
        "addr:postcode": "LS2 3AE",
        "building": "university",
        "name": "Jerusalem Chapel",
        "old_name": "New Jerusalem Chapel",
        "ref:GB:uprn": "72751796"
      },
      "geometry": {
        "type": "Polygon",
        "coordinates": [
          [
            [
              -1.5517737,
              53.8046313
            ],
            [
              -1.5518357,
              53.8044488
            ],
            [
              -1.5515862,
              53.8044193
            ],
            [
              -1.5515241,
              53.8046018
            ],
            [
              -1.5517737,
              53.8046313
            ]
          ]
        ]
      },
      "id": "way/84749544"
    },
    {
      "type": "Feature",
      "properties": {
        "@id": "way/84749914",
        "building": "university",
        "building:levels": "3"
      },
      "geometry": {
        "type": "Polygon",
        "coordinates": [
          [
            [
              -1.5589287,
              53.8077145
            ],
            [
              -1.558604,
              53.8076351
            ],
            [
              -1.5585367,
              53.807731
            ],
            [
              -1.5586445,
              53.8077574
            ],
            [
              -1.5586605,
              53.8077346
            ],
            [
              -1.5587237,
              53.8077501
            ],
            [
              -1.558702,
              53.807781
            ],
            [
              -1.5588557,
              53.8078186
            ],
            [
              -1.5589287,
              53.8077145
            ]
          ]
        ]
      },
      "id": "way/84749914"
    },
    {
      "type": "Feature",
      "properties": {
        "@id": "way/84749915",
        "building": "university",
        "building:levels": "3"
      },
      "geometry": {
        "type": "Polygon",
        "coordinates": [
          [
            [
              -1.5585662,
              53.8076189
            ],
            [
              -1.5583381,
              53.8075627
            ],
            [
              -1.5582143,
              53.8077376
            ],
            [
              -1.5583879,
              53.8077805
            ],
            [
              -1.5584178,
              53.8077382
            ],
            [
              -1.5584723,
              53.8077516
            ],
            [
              -1.5585662,
              53.8076189
            ]
          ]
        ]
      },
      "id": "way/84749915"
    },
    {
      "type": "Feature",
      "properties": {
        "@id": "way/84749916",
        "addr:city": "Leeds",
        "addr:postcode": "LS2 9JZ",
        "building": "university",
        "building:levels": "2",
        "ref:GB:uprn": "72220115"
      },
      "geometry": {
        "type": "Polygon",
        "coordinates": [
          [
            [
              -1.5582221,
              53.8075416
            ],
            [
              -1.5580329,
              53.8074962
            ],
            [
              -1.557949,
              53.8076181
            ],
            [
              -1.5579386,
              53.8076333
            ],
            [
              -1.5580228,
              53.8076535
            ],
            [
              -1.5580415,
              53.8076262
            ],
            [
              -1.5581465,
              53.8076514
            ],
            [
              -1.5582221,
              53.8075416
            ]
          ]
        ]
      },
      "id": "way/84749916"
    },
    {
      "type": "Feature",
      "properties": {
        "@id": "way/84749917",
        "addr:city": "Leeds",
        "addr:postcode": "LS2 9JT",
        "building": "university",
        "building:levels": "3",
        "name": "Psychology Department",
        "ref:GB:uprn": "72119823"
      },
      "geometry": {
        "type": "Polygon",
        "coordinates": [
          [
            [
              -1.5580329,
              53.8074962
            ],
            [
              -1.5576508,
              53.8073967
            ],
            [
              -1.5576446,
              53.8074047
            ],
            [
              -1.5576087,
              53.8073963
            ],
            [
              -1.5575728,
              53.8073878
            ],
            [
              -1.5575788,
              53.8073791
            ],
            [
              -1.5574581,
              53.8073494
            ],
            [
              -1.5573846,
              53.8074494
            ],
            [
              -1.5573547,
              53.8074445
            ],
            [
              -1.557318,
              53.8074586
            ],
            [
              -1.5573169,
              53.8074705
            ],
            [
              -1.5571583,
              53.8074518
            ],
            [
              -1.55717,
              53.8074309
            ],
            [
              -1.5570521,
              53.807414
            ],
            [
              -1.5570448,
              53.8074365
            ],
            [
              -1.5570039,
              53.8074308
            ],
            [
              -1.5570108,
              53.8074128
            ],
            [
              -1.5569551,
              53.8074031
            ],
            [
              -1.55702,
              53.8072172
            ],
            [
              -1.5569323,
              53.8072053
            ],
            [
              -1.5568466,
              53.8071947
            ],
            [
              -1.5568349,
              53.8072269
            ],
            [
              -1.5567881,
              53.8073588
            ],
            [
              -1.5568105,
              53.8073612
            ],
            [
              -1.5567992,
              53.8073943
            ],
            [
              -1.556812,
              53.8074076
            ],
            [
              -1.5568313,
              53.807412
            ],
            [
              -1.5568059,
              53.8074889
            ],
            [
              -1.5570182,
              53.8075185
            ],
            [
              -1.5570109,
              53.8075355
            ],
            [
              -1.5572937,
              53.8075745
            ],
            [
              -1.5572988,
              53.8075616
            ],
            [
              -1.55744,
              53.8075824
            ],
            [
              -1.5574819,
              53.807524
            ],
            [
              -1.5574954,
              53.8075052
            ],
            [
              -1.5575297,
              53.807513
            ],
            [
              -1.557564,
              53.8075208
            ],
            [
              -1.5575606,
              53.8075265
            ],
            [
              -1.557949,
              53.8076181
            ],
            [
              -1.5580329,
              53.8074962
            ]
          ]
        ]
      },
      "id": "way/84749917"
    },
    {
      "type": "Feature",
      "properties": {
        "@id": "way/84749919",
        "addr:housename": "Agricultural Sciences Building",
        "building": "university",
        "name": "Fine Art Building",
        "wikidata": "Q112127194"
      },
      "geometry": {
        "type": "Polygon",
        "coordinates": [
          [
            [
              -1.5578576,
              53.8079783
            ],
            [
              -1.5579326,
              53.8078218
            ],
            [
              -1.5578011,
              53.8077998
            ],
            [
              -1.5577944,
              53.807814
            ],
            [
              -1.557637,
              53.8077877
            ],
            [
              -1.5576419,
              53.8077775
            ],
            [
              -1.5575883,
              53.8077693
            ],
            [
              -1.5575404,
              53.8077606
            ],
            [
              -1.5575358,
              53.8077702
            ],
            [
              -1.5573596,
              53.8077408
            ],
            [
              -1.5573652,
              53.8077292
            ],
            [
              -1.5572496,
              53.8077099
            ],
            [
              -1.5571764,
              53.8078629
            ],
            [
              -1.55728,
              53.8078802
            ],
            [
              -1.5572844,
              53.807871
            ],
            [
              -1.5577416,
              53.8079473
            ],
            [
              -1.5577364,
              53.8079581
            ],
            [
              -1.5578576,
              53.8079783
            ]
          ]
        ]
      },
      "id": "way/84749919"
    },
    {
      "type": "Feature",
      "properties": {
        "@id": "way/84749920",
        "building": "university",
        "building:levels": "3",
        "name": "Institute for Transport Studies",
        "website": "https://environment.leeds.ac.uk/transport",
        "wikidata": "Q6039706",
        "wikipedia": "en:Institute for Transport Studies, University of Leeds"
      },
      "geometry": {
        "type": "Polygon",
        "coordinates": [
          [
            [
              -1.5579878,
              53.8080254
            ],
            [
              -1.5583768,
              53.80808
            ],
            [
              -1.5583532,
              53.8081387
            ],
            [
              -1.5584133,
              53.8081471
            ],
            [
              -1.558426,
              53.8081156
            ],
            [
              -1.5585906,
              53.8081387
            ],
            [
              -1.5586267,
              53.8080487
            ],
            [
              -1.558609,
              53.8080462
            ],
            [
              -1.5586193,
              53.8080206
            ],
            [
              -1.5585989,
              53.8080177
            ],
            [
              -1.5584824,
              53.8080014
            ],
            [
              -1.5584915,
              53.8079788
            ],
            [
              -1.5580325,
              53.8079143
            ],
            [
              -1.5580264,
              53.8079293
            ],
            [
              -1.557998,
              53.808
            ],
            [
              -1.5579878,
              53.8080254
            ]
          ]
        ]
      },
      "id": "way/84749920"
    },
    {
      "type": "Feature",
      "properties": {
        "@id": "way/84749921",
        "addr:city": "Leeds",
        "addr:housename": "School of Art East Building",
        "addr:postcode": "LS2 9JT",
        "addr:street": "University Road",
        "building": "university",
        "name": "Geography East Building",
        "old_name": "Old Refectory",
        "ref:GB:uprn": "72751821"
      },
      "geometry": {
        "type": "Polygon",
        "coordinates": [
          [
            [
              -1.5571493,
              53.8080365
            ],
            [
              -1.5571972,
              53.807917
            ],
            [
              -1.5568691,
              53.8078711
            ],
            [
              -1.5569188,
              53.8077474
            ],
            [
              -1.5566796,
              53.8077139
            ],
            [
              -1.5566284,
              53.8078415
            ],
            [
              -1.556351,
              53.8078027
            ],
            [
              -1.5563046,
              53.8079183
            ],
            [
              -1.5571493,
              53.8080365
            ]
          ]
        ]
      },
      "id": "way/84749921"
    },
    {
      "type": "Feature",
      "properties": {
        "@id": "way/84750389",
        "addr:city": "Leeds",
        "addr:housename": "Botany House",
        "addr:postcode": "LS2 9JT",
        "building": "university",
        "building:levels": "4",
        "name": "Botany House",
        "ref:GB:uprn": "72650732",
        "wikidata": "Q26262131"
      },
      "geometry": {
        "type": "Polygon",
        "coordinates": [
          [
            [
              -1.5549129,
              53.8072076
            ],
            [
              -1.5549304,
              53.8071079
            ],
            [
              -1.5546248,
              53.8070893
            ],
            [
              -1.5546073,
              53.8071888
            ],
            [
              -1.5549129,
              53.8072076
            ]
          ]
        ]
      },
      "id": "way/84750389"
    },
    {
      "type": "Feature",
      "properties": {
        "@id": "way/100370746",
        "addr:city": "Leeds",
        "addr:postcode": "LS2 9JT",
        "building": "university",
        "name": "Conference Auditorium",
        "ref:GB:uprn": "72751793"
      },
      "geometry": {
        "type": "Polygon",
        "coordinates": [
          [
            [
              -1.5530882,
              53.8040493
            ],
            [
              -1.5535487,
              53.8040485
            ],
            [
              -1.5535482,
              53.8037847
            ],
            [
              -1.5534514,
              53.8037848
            ],
            [
              -1.5530877,
              53.803785
            ],
            [
              -1.5530882,
              53.8040493
            ]
          ]
        ]
      },
      "id": "way/100370746"
    },
    {
      "type": "Feature",
      "properties": {
        "@id": "way/142813573",
        "addr:city": "Leeds",
        "addr:postcode": "LS6 1AN",
        "alt_name": "Leeds University Business School (LUBS)",
        "building": "university",
        "heritage": "2",
        "heritage:operator": "Historic England",
        "listed_status": "Grade II",
        "name": "Maurice Keyworth Building",
        "ref:GB:nhle": "1375205",
        "ref:GB:uprn": "72650718"
      },
      "geometry": {
        "type": "Polygon",
        "coordinates": [
          [
            [
              -1.5608798,
              53.8078019
            ],
            [
              -1.5608753,
              53.8077801
            ],
            [
              -1.5608608,
              53.80776
            ],
            [
              -1.5608362,
              53.8077423
            ],
            [
              -1.5608164,
              53.8077336
            ],
            [
              -1.5607943,
              53.8077272
            ],
            [
              -1.5607669,
              53.8077229
            ],
            [
              -1.5607386,
              53.8077221
            ],
            [
              -1.5607096,
              53.8077251
            ],
            [
              -1.5606824,
              53.8077318
            ],
            [
              -1.5606466,
              53.8077489
            ],
            [
              -1.560628,
              53.8077653
            ],
            [
              -1.5606169,
              53.8077839
            ],
            [
              -1.5602222,
              53.8077242
            ],
            [
              -1.5601801,
              53.8077178
            ],
            [
              -1.560161,
              53.8077285
            ],
            [
              -1.5601514,
              53.8077405
            ],
            [
              -1.5601421,
              53.8077521
            ],
            [
              -1.56019,
              53.8077655
            ],
            [
              -1.5603212,
              53.8078021
            ],
            [
              -1.560308,
              53.8078185
            ],
            [
              -1.5602886,
              53.8078131
            ],
            [
              -1.5602128,
              53.8079071
            ],
            [
              -1.5606126,
              53.8080195
            ],
            [
              -1.5605962,
              53.8080398
            ],
            [
              -1.5609009,
              53.8081256
            ],
            [
              -1.560928,
              53.8081332
            ],
            [
              -1.5609733,
              53.8080771
            ],
            [
              -1.5609479,
              53.80807
            ],
            [
              -1.5609976,
              53.8080083
            ],
            [
              -1.5610214,
              53.8080149
            ],
            [
              -1.5612857,
              53.8080892
            ],
            [
              -1.5613603,
              53.8081102
            ],
            [
              -1.5612496,
              53.8082475
            ],
            [
              -1.5614042,
              53.8082909
            ],
            [
              -1.5613977,
              53.808299
            ],
            [
              -1.5618058,
              53.8084128
            ],
            [
              -1.5618877,
              53.8083104
            ],
            [
              -1.5618368,
              53.8082962
            ],
            [
              -1.5618524,
              53.8082767
            ],
            [
              -1.5620028,
              53.8080885
            ],
            [
              -1.5609368,
              53.8077916
            ],
            [
              -1.5608798,
              53.8078019
            ]
          ]
        ]
      },
      "id": "way/142813573"
    },
    {
      "type": "Feature",
      "properties": {
        "@id": "way/142813574",
        "building": "university",
        "name": "Western Lecture Theatre"
      },
      "geometry": {
        "type": "Polygon",
        "coordinates": [
          [
            [
              -1.5628334,
              53.8080182
            ],
            [
              -1.5629785,
              53.8078255
            ],
            [
              -1.5627207,
              53.8077579
            ],
            [
              -1.5626033,
              53.8079139
            ],
            [
              -1.5625757,
              53.8079506
            ],
            [
              -1.5628334,
              53.8080182
            ]
          ]
        ]
      },
      "id": "way/142813574"
    },
    {
      "type": "Feature",
      "properties": {
        "@id": "way/142813575",
        "addr:city": "Leeds",
        "addr:postcode": "LS2 9LP",
        "building": "university",
        "name": "Michael Marks Building",
        "ref:GB:uprn": "72700534;72728403",
        "wikimedia_commons": "Category:Michael Marks Building, University of Leeds"
      },
      "geometry": {
        "type": "Polygon",
        "coordinates": [
          [
            [
              -1.5620891,
              53.8073341
            ],
            [
              -1.562202,
              53.8071884
            ],
            [
              -1.5615232,
              53.8070049
            ],
            [
              -1.5614103,
              53.8071505
            ],
            [
              -1.561865,
              53.8072735
            ],
            [
              -1.5620891,
              53.8073341
            ]
          ]
        ]
      },
      "id": "way/142813575"
    },
    {
      "type": "Feature",
      "properties": {
        "@id": "way/142813576",
        "addr:city": "Leeds",
        "addr:postcode": "LS3 1DB",
        "building": "university",
        "name": "Liberty Building",
        "ref:GB:uprn": "72700533"
      },
      "geometry": {
        "type": "Polygon",
        "coordinates": [
          [
            [
              -1.5623499,
              53.8085817
            ],
            [
              -1.5627351,
              53.8081
            ],
            [
              -1.5625192,
              53.8080398
            ],
            [
              -1.5623249,
              53.8079856
            ],
            [
              -1.5622133,
              53.8081251
            ],
            [
              -1.5619396,
              53.8084672
            ],
            [
              -1.5623499,
              53.8085817
            ]
          ]
        ]
      },
      "id": "way/142813576"
    },
    {
      "type": "Feature",
      "properties": {
        "@id": "way/142813577",
        "building": "university",
        "name": "18 Beech Grove Terrace"
      },
      "geometry": {
        "type": "Polygon",
        "coordinates": [
          [
            [
              -1.5551372,
              53.8068636
            ],
            [
              -1.5551436,
              53.8068034
            ],
            [
              -1.5549454,
              53.806796
            ],
            [
              -1.554939,
              53.8068562
            ],
            [
              -1.5551372,
              53.8068636
            ]
          ]
        ]
      },
      "id": "way/142813577"
    },
    {
      "type": "Feature",
      "properties": {
        "@id": "way/142813595",
        "addr:city": "Leeds",
        "addr:housename": "Clarendon Building",
        "addr:housenumber": "103",
        "addr:postcode": "LS2 9DF",
        "addr:street": "Clarendon Road",
        "building": "university",
        "name": "Clarendon Building",
        "website": "https://business.leeds.ac.uk/"
      },
      "geometry": {
        "type": "Polygon",
        "coordinates": [
          [
            [
              -1.5607617,
              53.8076101
            ],
            [
              -1.5606624,
              53.8074904
            ],
            [
              -1.5604724,
              53.8072617
            ],
            [
              -1.5604491,
              53.8072335
            ],
            [
              -1.5604116,
              53.8072261
            ],
            [
              -1.5602417,
              53.8071923
            ],
            [
              -1.5601709,
              53.8073164
            ],
            [
              -1.5603201,
              53.8074947
            ],
            [
              -1.5605168,
              53.8077297
            ],
            [
              -1.5607617,
              53.8076101
            ]
          ]
        ]
      },
      "id": "way/142813595"
    },
    {
      "type": "Feature",
      "properties": {
        "@id": "way/142813657",
        "addr:city": "Leeds",
        "addr:housename": "Charles Thackrah Building",
        "addr:postcode": "LS2 9LJ",
        "addr:street": "Clarendon Road",
        "building": "university",
        "name": "Charles Thackrah Building",
        "ref:GB:uprn": "72668330;72668321;72668332;72668331;72668323;72668334;72668322;72668333;72668325;72668324;72668335;72668327;72668326;72668329;72663748;72668328;72727512;72727522;72727513"
      },
      "geometry": {
        "type": "Polygon",
        "coordinates": [
          [
            [
              -1.5610839,
              53.8072571
            ],
            [
              -1.5612407,
              53.807038
            ],
            [
              -1.5610038,
              53.8069788
            ],
            [
              -1.560982,
              53.8070093
            ],
            [
              -1.560905,
              53.8069901
            ],
            [
              -1.5608675,
              53.8069807
            ],
            [
              -1.5609901,
              53.8068093
            ],
            [
              -1.5609573,
              53.8068012
            ],
            [
              -1.5609715,
              53.8067814
            ],
            [
              -1.5608901,
              53.806761
            ],
            [
              -1.5609087,
              53.806735
            ],
            [
              -1.5607578,
              53.8066973
            ],
            [
              -1.5604632,
              53.8071085
            ],
            [
              -1.5604849,
              53.8071139
            ],
            [
              -1.5604706,
              53.8071338
            ],
            [
              -1.5607273,
              53.807198
            ],
            [
              -1.5607602,
              53.8071521
            ],
            [
              -1.56081,
              53.8071645
            ],
            [
              -1.5608598,
              53.807177
            ],
            [
              -1.5608398,
              53.8072049
            ],
            [
              -1.5608619,
              53.8072104
            ],
            [
              -1.5608522,
              53.8072238
            ],
            [
              -1.5608575,
              53.8072349
            ],
            [
              -1.5609326,
              53.8072508
            ],
            [
              -1.5609514,
              53.8072444
            ],
            [
              -1.5609638,
              53.8072271
            ],
            [
              -1.5610839,
              53.8072571
            ]
          ]
        ]
      },
      "id": "way/142813657"
    },
    {
      "type": "Feature",
      "properties": {
        "@id": "way/147151524",
        "addr:city": "Leeds",
        "addr:postcode": "LS2 9PH",
        "building": "university",
        "name": "Fairbairn House",
        "ref:GB:uprn": "72668407",
        "wikidata": "Q26655915"
      },
      "geometry": {
        "type": "Polygon",
        "coordinates": [
          [
            [
              -1.5613245,
              53.8045698
            ],
            [
              -1.5613524,
              53.8046377
            ],
            [
              -1.5613835,
              53.8046331
            ],
            [
              -1.5613835,
              53.8047789
            ],
            [
              -1.5616142,
              53.8047789
            ],
            [
              -1.5616142,
              53.80463
            ],
            [
              -1.5615659,
              53.80463
            ],
            [
              -1.5615713,
              53.8043702
            ],
            [
              -1.5613299,
              53.804367
            ],
            [
              -1.5613245,
              53.8045698
            ]
          ]
        ]
      },
      "id": "way/147151524"
    },
    {
      "type": "Feature",
      "properties": {
        "@id": "way/148433752",
        "addr:city": "Leeds",
        "addr:postcode": "LS2 9JT",
        "building": "university",
        "name": "Irene Manton Building",
        "ref:GB:uprn": "72650726",
        "wikidata": "Q26262656"
      },
      "geometry": {
        "type": "Polygon",
        "coordinates": [
          [
            [
              -1.5549772,
              53.8046779
            ],
            [
              -1.5549765,
              53.8046378
            ],
            [
              -1.5549762,
              53.8046236
            ],
            [
              -1.5549759,
              53.8046077
            ],
            [
              -1.5549756,
              53.8045895
            ],
            [
              -1.5549672,
              53.8041435
            ],
            [
              -1.5549268,
              53.8041438
            ],
            [
              -1.554712,
              53.8041451
            ],
            [
              -1.5547202,
              53.804593
            ],
            [
              -1.554721,
              53.8046348
            ],
            [
              -1.5547218,
              53.8046796
            ],
            [
              -1.5547536,
              53.8046794
            ],
            [
              -1.5547837,
              53.8046792
            ],
            [
              -1.5548862,
              53.8046785
            ],
            [
              -1.5549772,
              53.8046779
            ]
          ]
        ]
      },
      "id": "way/148433752"
    },
    {
      "type": "Feature",
      "properties": {
        "@id": "way/148436017",
        "access": "private",
        "amenity": "library",
        "level": "7",
        "name": "Health Sciences Library",
        "wikidata": "Q24571874"
      },
      "geometry": {
        "type": "Polygon",
        "coordinates": [
          [
            [
              -1.5560715,
              53.8033743
            ],
            [
              -1.5560746,
              53.8032397
            ],
            [
              -1.5557311,
              53.803237
            ],
            [
              -1.5557281,
              53.8033716
            ],
            [
              -1.5560715,
              53.8033743
            ]
          ]
        ]
      },
      "id": "way/148436017"
    },
    {
      "type": "Feature",
      "properties": {
        "@id": "way/157906891",
        "building": "university"
      },
      "geometry": {
        "type": "Polygon",
        "coordinates": [
          [
            [
              -1.5565512,
              53.8093567
            ],
            [
              -1.5566381,
              53.8093706
            ],
            [
              -1.5566623,
              53.8093178
            ],
            [
              -1.5565754,
              53.8093039
            ],
            [
              -1.5565512,
              53.8093567
            ]
          ]
        ]
      },
      "id": "way/157906891"
    },
    {
      "type": "Feature",
      "properties": {
        "@id": "way/175997917",
        "addr:street": "Cromer Terrace",
        "building": "public",
        "leisure": "sports_centre",
        "name": "Cromer Terrace Sports Studio"
      },
      "geometry": {
        "type": "Polygon",
        "coordinates": [
          [
            [
              -1.5573247,
              53.8066718
            ],
            [
              -1.556944,
              53.8065802
            ],
            [
              -1.556862,
              53.8066992
            ],
            [
              -1.5568505,
              53.8067159
            ],
            [
              -1.5572312,
              53.8068074
            ],
            [
              -1.5573247,
              53.8066718
            ]
          ]
        ]
      },
      "id": "way/175997917"
    },
    {
      "type": "Feature",
      "properties": {
        "@id": "way/175997918",
        "addr:city": "Leeds",
        "addr:postcode": "LS2 9JT",
        "building": "university",
        "name": "University House",
        "ref:GB:uprn": "72650717"
      },
      "geometry": {
        "type": "Polygon",
        "coordinates": [
          [
            [
              -1.5570675,
              53.807041
            ],
            [
              -1.5572312,
              53.8068074
            ],
            [
              -1.5568505,
              53.8067159
            ],
            [
              -1.556862,
              53.8066992
            ],
            [
              -1.5567536,
              53.8066828
            ],
            [
              -1.5566651,
              53.8068814
            ],
            [
              -1.5566093,
              53.8068718
            ],
            [
              -1.556571,
              53.8069669
            ],
            [
              -1.5568193,
              53.8070016
            ],
            [
              -1.5568385,
              53.8070043
            ],
            [
              -1.5568589,
              53.8070076
            ],
            [
              -1.5570675,
              53.807041
            ]
          ]
        ]
      },
      "id": "way/175997918"
    },
    {
      "type": "Feature",
      "properties": {
        "@id": "way/175997919",
        "building": "public",
        "building:levels": "4",
        "name": "Leeds University Union",
        "wikidata": "Q6516152"
      },
      "geometry": {
        "type": "Polygon",
        "coordinates": [
          [
            [
              -1.5553406,
              53.8067991
            ],
            [
              -1.5554536,
              53.806808
            ],
            [
              -1.5554503,
              53.806825
            ],
            [
              -1.5556545,
              53.8068429
            ],
            [
              -1.5556583,
              53.8068281
            ],
            [
              -1.5558368,
              53.8068413
            ],
            [
              -1.5559979,
              53.8068557
            ],
            [
              -1.5559956,
              53.8068749
            ],
            [
              -1.556096,
              53.806882
            ],
            [
              -1.5562114,
              53.8068903
            ],
            [
              -1.5562392,
              53.8068178
            ],
            [
              -1.5562977,
              53.8068241
            ],
            [
              -1.5563364,
              53.8067339
            ],
            [
              -1.556361,
              53.8066707
            ],
            [
              -1.5564059,
              53.8065689
            ],
            [
              -1.5564325,
              53.806572
            ],
            [
              -1.5564731,
              53.8065767
            ],
            [
              -1.5565006,
              53.8065138
            ],
            [
              -1.5565697,
              53.8063558
            ],
            [
              -1.5565212,
              53.8063487
            ],
            [
              -1.5564211,
              53.806334
            ],
            [
              -1.5564092,
              53.8063675
            ],
            [
              -1.5562185,
              53.8063529
            ],
            [
              -1.5562263,
              53.8063277
            ],
            [
              -1.5563703,
              53.8063398
            ],
            [
              -1.5564008,
              53.8062319
            ],
            [
              -1.5559566,
              53.8061969
            ],
            [
              -1.5559394,
              53.8062794
            ],
            [
              -1.5559117,
              53.8062779
            ],
            [
              -1.5558447,
              53.8065482
            ],
            [
              -1.5554065,
              53.8065167
            ],
            [
              -1.5553879,
              53.8065904
            ],
            [
              -1.555483,
              53.8066003
            ],
            [
              -1.5554732,
              53.8066287
            ],
            [
              -1.5553855,
              53.8066199
            ],
            [
              -1.5553626,
              53.806711
            ],
            [
              -1.5553406,
              53.8067991
            ]
          ]
        ]
      },
      "id": "way/175997919"
    },
    {
      "type": "Feature",
      "properties": {
        "@id": "way/175997920",
        "addr:city": "Leeds",
        "addr:housename": "Refectory House",
        "addr:postcode": "LS2 9JU",
        "addr:street": "Cromer Terrace",
        "amenity": "restaurant",
        "building": "public",
        "cuisine": "international",
        "fhrs:id": "320325",
        "name": "The Refectory",
        "toilets:wheelchair": "yes",
        "wheelchair": "yes",
        "wikidata": "Q16909902",
        "wikipedia": "en:University of Leeds Refectory"
      },
      "geometry": {
        "type": "Polygon",
        "coordinates": [
          [
            [
              -1.5562114,
              53.8068903
            ],
            [
              -1.5562012,
              53.8069112
            ],
            [
              -1.5562951,
              53.8069253
            ],
            [
              -1.556571,
              53.8069669
            ],
            [
              -1.5566093,
              53.8068718
            ],
            [
              -1.5566651,
              53.8068814
            ],
            [
              -1.5567536,
              53.8066828
            ],
            [
              -1.556862,
              53.8066992
            ],
            [
              -1.556944,
              53.8065802
            ],
            [
              -1.5568869,
              53.8065703
            ],
            [
              -1.5568954,
              53.8065526
            ],
            [
              -1.5568693,
              53.8065477
            ],
            [
              -1.5569093,
              53.806449
            ],
            [
              -1.5568569,
              53.8064419
            ],
            [
              -1.5568739,
              53.8064042
            ],
            [
              -1.5568191,
              53.8063946
            ],
            [
              -1.5568216,
              53.8063788
            ],
            [
              -1.5568178,
              53.8063648
            ],
            [
              -1.5568076,
              53.8063506
            ],
            [
              -1.5567917,
              53.8063385
            ],
            [
              -1.5567708,
              53.8063289
            ],
            [
              -1.5567465,
              53.8063229
            ],
            [
              -1.5567172,
              53.8063208
            ],
            [
              -1.5566882,
              53.8063237
            ],
            [
              -1.5566707,
              53.8063281
            ],
            [
              -1.556646,
              53.8063392
            ],
            [
              -1.5566327,
              53.8063491
            ],
            [
              -1.5566234,
              53.8063605
            ],
            [
              -1.5565697,
              53.8063558
            ],
            [
              -1.5565006,
              53.8065138
            ],
            [
              -1.5564731,
              53.8065767
            ],
            [
              -1.5564325,
              53.806572
            ],
            [
              -1.5564059,
              53.8065689
            ],
            [
              -1.556361,
              53.8066707
            ],
            [
              -1.5563364,
              53.8067339
            ],
            [
              -1.5562977,
              53.8068241
            ],
            [
              -1.5562392,
              53.8068178
            ],
            [
              -1.5562114,
              53.8068903
            ]
          ]
        ]
      },
      "id": "way/175997920"
    },
    {
      "type": "Feature",
      "properties": {
        "@id": "way/186036608",
        "building": "university",
        "name": "L C Miall Building",
        "wikidata": "Q26262657"
      },
      "geometry": {
        "type": "Polygon",
        "coordinates": [
          [
            [
              -1.5549649,
              53.8040896
            ],
            [
              -1.5549647,
              53.8040731
            ],
            [
              -1.5549624,
              53.8039105
            ],
            [
              -1.5549616,
              53.8038543
            ],
            [
              -1.5548187,
              53.803855
            ],
            [
              -1.5548193,
              53.8038962
            ],
            [
              -1.5547811,
              53.8038964
            ],
            [
              -1.5547559,
              53.8038965
            ],
            [
              -1.5545656,
              53.8038975
            ],
            [
              -1.5545641,
              53.803795
            ],
            [
              -1.5543328,
              53.8037961
            ],
            [
              -1.5543357,
              53.8040004
            ],
            [
              -1.5543366,
              53.8040629
            ],
            [
              -1.5547117,
              53.8040611
            ],
            [
              -1.554712,
              53.8041451
            ],
            [
              -1.5549268,
              53.8041438
            ],
            [
              -1.5549672,
              53.8041435
            ],
            [
              -1.5549649,
              53.8040896
            ]
          ]
        ]
      },
      "id": "way/186036608"
    },
    {
      "type": "Feature",
      "properties": {
        "@id": "way/186374637",
        "building": "university",
        "name": "Garstang Building",
        "wikidata": "Q26252986"
      },
      "geometry": {
        "type": "Polygon",
        "coordinates": [
          [
            [
              -1.5563658,
              53.8047563
            ],
            [
              -1.5563651,
              53.8046164
            ],
            [
              -1.5555829,
              53.8046169
            ],
            [
              -1.5555819,
              53.8040901
            ],
            [
              -1.5553461,
              53.8040902
            ],
            [
              -1.5553077,
              53.8040903
            ],
            [
              -1.5553088,
              53.804605
            ],
            [
              -1.5553089,
              53.8046199
            ],
            [
              -1.5553089,
              53.8046362
            ],
            [
              -1.5553092,
              53.8047574
            ],
            [
              -1.5553654,
              53.8047573
            ],
            [
              -1.5554143,
              53.8047573
            ],
            [
              -1.5561225,
              53.8047568
            ],
            [
              -1.5563029,
              53.8047565
            ],
            [
              -1.5563658,
              53.8047563
            ]
          ]
        ]
      },
      "id": "way/186374637"
    },
    {
      "type": "Feature",
      "properties": {
        "@id": "way/186375014",
        "addr:city": "Leeds",
        "addr:postcode": "LS2 9JT",
        "building": "university",
        "name": "Astbury Building",
        "ref:GB:uprn": "72650725",
        "wikidata": "Q26210693"
      },
      "geometry": {
        "type": "Polygon",
        "coordinates": [
          [
            [
              -1.5556097,
              53.8036598
            ],
            [
              -1.5553532,
              53.8036591
            ],
            [
              -1.5553352,
              53.8036593
            ],
            [
              -1.5553103,
              53.8036594
            ],
            [
              -1.555289,
              53.80366
            ],
            [
              -1.5552895,
              53.8039103
            ],
            [
              -1.5549624,
              53.8039105
            ],
            [
              -1.5549647,
              53.8040731
            ],
            [
              -1.5549649,
              53.8040896
            ],
            [
              -1.5550422,
              53.8040896
            ],
            [
              -1.5550423,
              53.8041776
            ],
            [
              -1.5551479,
              53.8041775
            ],
            [
              -1.5551478,
              53.8040896
            ],
            [
              -1.5553077,
              53.8040903
            ],
            [
              -1.5553461,
              53.8040902
            ],
            [
              -1.5555819,
              53.8040901
            ],
            [
              -1.555583,
              53.8040568
            ],
            [
              -1.5555828,
              53.8039058
            ],
            [
              -1.5556101,
              53.8039057
            ],
            [
              -1.5556097,
              53.8036598
            ]
          ]
        ]
      },
      "id": "way/186375014"
    },
    {
      "type": "Feature",
      "properties": {
        "@id": "way/188510531",
        "building": "university",
        "building:levels": "6",
        "name": "Mechanical Engineering",
        "operator": "University of Leeds"
      },
      "geometry": {
        "type": "Polygon",
        "coordinates": [
          [
            [
              -1.5561379,
              53.8097051
            ],
            [
              -1.5564582,
              53.8095608
            ],
            [
              -1.5565,
              53.8095884
            ],
            [
              -1.5566051,
              53.8095343
            ],
            [
              -1.5565765,
              53.8095126
            ],
            [
              -1.5566251,
              53.8094903
            ],
            [
              -1.5563243,
              53.8094437
            ],
            [
              -1.5560605,
              53.8095707
            ],
            [
              -1.5556871,
              53.809332
            ],
            [
              -1.5556367,
              53.8093512
            ],
            [
              -1.5555456,
              53.8092974
            ],
            [
              -1.5552923,
              53.8094213
            ],
            [
              -1.5551474,
              53.8094922
            ],
            [
              -1.555007,
              53.8095611
            ],
            [
              -1.5548898,
              53.8096265
            ],
            [
              -1.5552282,
              53.8098015
            ],
            [
              -1.5552952,
              53.8097669
            ],
            [
              -1.5553694,
              53.8098533
            ],
            [
              -1.5555268,
              53.8099049
            ],
            [
              -1.5555052,
              53.8099309
            ],
            [
              -1.5555646,
              53.8099613
            ],
            [
              -1.5561379,
              53.8097051
            ]
          ]
        ]
      },
      "id": "way/188510531"
    },
    {
      "type": "Feature",
      "properties": {
        "@id": "way/242051610",
        "addr:city": "Leeds",
        "addr:postcode": "LS2 9JT",
        "building": "university",
        "building:levels": "5",
        "name": "Electronic and Electrical Engineering",
        "operator": "University of Leeds",
        "ref:GB:uprn": "72751811"
      },
      "geometry": {
        "type": "Polygon",
        "coordinates": [
          [
            [
              -1.555007,
              53.8095611
            ],
            [
              -1.5551474,
              53.8094922
            ],
            [
              -1.5552129,
              53.8094601
            ],
            [
              -1.5552923,
              53.8094213
            ],
            [
              -1.5555456,
              53.8092974
            ],
            [
              -1.5555089,
              53.8092745
            ],
            [
              -1.5554093,
              53.8092123
            ],
            [
              -1.5553382,
              53.8092461
            ],
            [
              -1.5551401,
              53.8093404
            ],
            [
              -1.5549659,
              53.8092338
            ],
            [
              -1.55475,
              53.8093475
            ],
            [
              -1.5547186,
              53.809327
            ],
            [
              -1.5546728,
              53.809297
            ],
            [
              -1.5543982,
              53.8094453
            ],
            [
              -1.5544328,
              53.8094641
            ],
            [
              -1.5544751,
              53.8094872
            ],
            [
              -1.5544527,
              53.809502
            ],
            [
              -1.5546301,
              53.8096097
            ],
            [
              -1.5546056,
              53.8096351
            ],
            [
              -1.5546554,
              53.809664
            ],
            [
              -1.5547346,
              53.8097014
            ],
            [
              -1.5548455,
              53.8096471
            ],
            [
              -1.5548898,
              53.8096265
            ],
            [
              -1.555007,
              53.8095611
            ]
          ]
        ]
      },
      "id": "way/242051610"
    },
    {
      "type": "Feature",
      "properties": {
        "@id": "way/242051611",
        "building": "university",
        "building:levels": "6",
        "name": "Civil Engineering",
        "operator": "University of Leeds"
      },
      "geometry": {
        "type": "Polygon",
        "coordinates": [
          [
            [
              -1.5561379,
              53.8097051
            ],
            [
              -1.5555646,
              53.8099613
            ],
            [
              -1.5562313,
              53.8103034
            ],
            [
              -1.5562871,
              53.8103176
            ],
            [
              -1.5563763,
              53.810268
            ],
            [
              -1.5564264,
              53.8103122
            ],
            [
              -1.5564435,
              53.8103245
            ],
            [
              -1.5565776,
              53.8102342
            ],
            [
              -1.5565674,
              53.8102258
            ],
            [
              -1.5565426,
              53.8102027
            ],
            [
              -1.5567266,
              53.8101021
            ],
            [
              -1.5561379,
              53.8097051
            ]
          ]
        ]
      },
      "id": "way/242051611"
    },
    {
      "type": "Feature",
      "properties": {
        "@id": "way/445314217",
        "addr:city": "Leeds",
        "addr:postcode": "LS2 9JT",
        "building": "university",
        "name": "Chemistry West Block",
        "ref:GB:uprn": "72751808"
      },
      "geometry": {
        "type": "Polygon",
        "coordinates": [
          [
            [
              -1.5546127,
              53.8087004
            ],
            [
              -1.5546211,
              53.8084155
            ],
            [
              -1.5544672,
              53.8084139
            ],
            [
              -1.5544677,
              53.8083949
            ],
            [
              -1.5544269,
              53.8083945
            ],
            [
              -1.5543789,
              53.808394
            ],
            [
              -1.5543796,
              53.8083693
            ],
            [
              -1.5542166,
              53.8083677
            ],
            [
              -1.554216,
              53.8083893
            ],
            [
              -1.5541051,
              53.8083882
            ],
            [
              -1.5541024,
              53.8084788
            ],
            [
              -1.5541739,
              53.8084795
            ],
            [
              -1.5541706,
              53.8085935
            ],
            [
              -1.5541018,
              53.8085928
            ],
            [
              -1.5540994,
              53.8086736
            ],
            [
              -1.5541936,
              53.8086745
            ],
            [
              -1.5541929,
              53.8086961
            ],
            [
              -1.5543465,
              53.8086977
            ],
            [
              -1.5544551,
              53.8086988
            ],
            [
              -1.5546127,
              53.8087004
            ]
          ]
        ]
      },
      "id": "way/445314217"
    },
    {
      "type": "Feature",
      "properties": {
        "@id": "way/445317959",
        "building": "university",
        "name": "Worsley Building",
        "wikidata": "Q26218172"
      },
      "geometry": {
        "type": "Polygon",
        "coordinates": [
          [
            [
              -1.5564483,
              53.8030373
            ],
            [
              -1.5549827,
              53.8030435
            ],
            [
              -1.5548572,
              53.803044
            ],
            [
              -1.5548637,
              53.8035007
            ],
            [
              -1.5548646,
              53.8035204
            ],
            [
              -1.5548632,
              53.8035352
            ],
            [
              -1.5549402,
              53.803535
            ],
            [
              -1.5549615,
              53.8035349
            ],
            [
              -1.5549803,
              53.8035347
            ],
            [
              -1.5550687,
              53.8035343
            ],
            [
              -1.5550694,
              53.8035902
            ],
            [
              -1.5550697,
              53.8036293
            ],
            [
              -1.55507,
              53.8036419
            ],
            [
              -1.5550703,
              53.8036544
            ],
            [
              -1.5550711,
              53.8037262
            ],
            [
              -1.5551665,
              53.8037258
            ],
            [
              -1.5552444,
              53.8037255
            ],
            [
              -1.5552427,
              53.8036502
            ],
            [
              -1.5552425,
              53.8036405
            ],
            [
              -1.5552423,
              53.8036297
            ],
            [
              -1.5552428,
              53.803591
            ],
            [
              -1.555242,
              53.80353
            ],
            [
              -1.5553127,
              53.8035296
            ],
            [
              -1.5553332,
              53.8035295
            ],
            [
              -1.5553506,
              53.8035294
            ],
            [
              -1.5564543,
              53.8035249
            ],
            [
              -1.5564483,
              53.8030373
            ]
          ]
        ]
      },
      "id": "way/445317959"
    },
    {
      "type": "Feature",
      "properties": {
        "@id": "way/445549207",
        "access": "private",
        "amenity": "library",
        "building": "yes",
        "building:levels": "3",
        "name": "Laidlaw Library",
        "wikidata": "Q24571598"
      },
      "geometry": {
        "type": "Polygon",
        "coordinates": [
          [
            [
              -1.5516714,
              53.8070113
            ],
            [
              -1.5517847,
              53.8070687
            ],
            [
              -1.5519616,
              53.8069396
            ],
            [
              -1.5519986,
              53.8069404
            ],
            [
              -1.5520041,
              53.8069145
            ],
            [
              -1.5520334,
              53.8069169
            ],
            [
              -1.5520359,
              53.8068889
            ],
            [
              -1.5520691,
              53.8068914
            ],
            [
              -1.5520751,
              53.8068616
            ],
            [
              -1.5521012,
              53.8068655
            ],
            [
              -1.5521095,
              53.8068377
            ],
            [
              -1.552136,
              53.80684
            ],
            [
              -1.5521464,
              53.8068121
            ],
            [
              -1.5521958,
              53.8067786
            ],
            [
              -1.5521862,
              53.8067763
            ],
            [
              -1.5522882,
              53.8066276
            ],
            [
              -1.5523469,
              53.8065492
            ],
            [
              -1.5520781,
              53.8065361
            ],
            [
              -1.5518162,
              53.8065234
            ],
            [
              -1.5514958,
              53.8068882
            ],
            [
              -1.5516778,
              53.8069435
            ],
            [
              -1.5516514,
              53.8069749
            ],
            [
              -1.5516948,
              53.8069955
            ],
            [
              -1.5516841,
              53.8070031
            ],
            [
              -1.5516714,
              53.8070113
            ]
          ]
        ]
      },
      "id": "way/445549207"
    },
    {
      "type": "Feature",
      "properties": {
        "@id": "way/517328320",
        "addr:city": "Leeds",
        "addr:postcode": "LS2 9JT",
        "amenity": "place_of_worship",
        "building": "university",
        "capacity": "50",
        "capacity:women": "30",
        "denomination": "sunni",
        "name": "Cemetery Lodge Prayer Room",
        "opening_hours": "Mo-Fr 08:00-20:00",
        "operator": "Leeds University Union Islamic Society",
        "place_of_worship": "musalla",
        "ref:GB:uprn": "72751814",
        "religion": "muslim",
        "unisex": "yes",
        "website": "https://leedsisoc.com/"
      },
      "geometry": {
        "type": "Polygon",
        "coordinates": [
          [
            [
              -1.5562693,
              53.8093582
            ],
            [
              -1.5563838,
              53.8093781
            ],
            [
              -1.5564024,
              53.8093361
            ],
            [
              -1.5564383,
              53.8093409
            ],
            [
              -1.5564623,
              53.8092849
            ],
            [
              -1.5563677,
              53.8092708
            ],
            [
              -1.5563458,
              53.809322
            ],
            [
              -1.5562854,
              53.809313
            ],
            [
              -1.5562693,
              53.8093582
            ]
          ]
        ]
      },
      "id": "way/517328320"
    },
    {
      "type": "Feature",
      "properties": {
        "@id": "way/574200470",
        "addr:city": "Leeds",
        "addr:country": "GB",
        "addr:housename": "Portland Building",
        "addr:postcode": "LS1 3HE",
        "addr:street": "Portland Way",
        "building": "university",
        "name": "Portland Building"
      },
      "geometry": {
        "type": "Polygon",
        "coordinates": [
          [
            [
              -1.5492101,
              53.8036388
            ],
            [
              -1.5486417,
              53.8033963
            ],
            [
              -1.5485432,
              53.8034758
            ],
            [
              -1.5483861,
              53.8034079
            ],
            [
              -1.5483275,
              53.8034553
            ],
            [
              -1.5482456,
              53.8035214
            ],
            [
              -1.5482682,
              53.8035312
            ],
            [
              -1.5486015,
              53.8036747
            ],
            [
              -1.5487326,
              53.8037311
            ],
            [
              -1.5488188,
              53.8037682
            ],
            [
              -1.5488922,
              53.8038007
            ],
            [
              -1.5489621,
              53.8037441
            ],
            [
              -1.5490393,
              53.8037773
            ],
            [
              -1.5492101,
              53.8036388
            ]
          ]
        ]
      },
      "id": "way/574200470"
    },
    {
      "type": "Feature",
      "properties": {
        "@id": "way/574200483",
        "building": "university",
        "name": "CitySide Block A"
      },
      "geometry": {
        "type": "Polygon",
        "coordinates": [
          [
            [
              -1.5498791,
              53.8034118
            ],
            [
              -1.5496163,
              53.8036227
            ],
            [
              -1.5495357,
              53.8036873
            ],
            [
              -1.54973,
              53.8037717
            ],
            [
              -1.5500733,
              53.8034961
            ],
            [
              -1.5498791,
              53.8034118
            ]
          ]
        ]
      },
      "id": "way/574200483"
    },
    {
      "type": "Feature",
      "properties": {
        "@id": "way/574200491",
        "building": "university",
        "name": "CitySide Block B"
      },
      "geometry": {
        "type": "Polygon",
        "coordinates": [
          [
            [
              -1.5491176,
              53.8035035
            ],
            [
              -1.5493109,
              53.803588
            ],
            [
              -1.5494641,
              53.8034657
            ],
            [
              -1.5497867,
              53.8032082
            ],
            [
              -1.5495934,
              53.8031237
            ],
            [
              -1.5491176,
              53.8035035
            ]
          ]
        ]
      },
      "id": "way/574200491"
    },
    {
      "type": "Feature",
      "properties": {
        "@id": "way/754764197",
        "addr:city": "Leeds",
        "addr:postcode": "LS2 9BT",
        "addr:street": "Cloberry Street",
        "building": "university",
        "name": "Facilities Directorate Building",
        "website": "https://FacilitiesDirectorate.Leeds.ac.uk/"
      },
      "geometry": {
        "type": "Polygon",
        "coordinates": [
          [
            [
              -1.5595929,
              53.8060638
            ],
            [
              -1.5593147,
              53.8059931
            ],
            [
              -1.5593317,
              53.8059697
            ],
            [
              -1.5592583,
              53.8059511
            ],
            [
              -1.5589787,
              53.8063345
            ],
            [
              -1.5590517,
              53.8063531
            ],
            [
              -1.5591561,
              53.8063796
            ],
            [
              -1.5592285,
              53.8062803
            ],
            [
              -1.5594028,
              53.8063246
            ],
            [
              -1.5595929,
              53.8060638
            ]
          ]
        ]
      },
      "id": "way/754764197"
    },
    {
      "type": "Feature",
      "properties": {
        "@id": "way/799330320",
        "addr:city": "Leeds",
        "addr:country": "GB",
        "addr:housename": "Nexus",
        "addr:postcode": "LS2 3AA",
        "addr:street": "Discovery Way",
        "building": "university",
        "name": "Nexus",
        "wikidata": "Q61748154"
      },
      "geometry": {
        "type": "Polygon",
        "coordinates": [
          [
            [
              -1.5506154,
              53.8057925
            ],
            [
              -1.550699,
              53.8058021
            ],
            [
              -1.550715,
              53.8052683
            ],
            [
              -1.5503242,
              53.8052695
            ],
            [
              -1.5500054,
              53.8052788
            ],
            [
              -1.5496746,
              53.8052647
            ],
            [
              -1.5498924,
              53.805445
            ],
            [
              -1.550197,
              53.8056754
            ],
            [
              -1.5502478,
              53.805752
            ],
            [
              -1.5504944,
              53.8057808
            ],
            [
              -1.5504892,
              53.8057673
            ],
            [
              -1.5505556,
              53.8057424
            ],
            [
              -1.5506154,
              53.8057925
            ]
          ]
        ]
      },
      "id": "way/799330320"
    },
    {
      "type": "Feature",
      "properties": {
        "@id": "way/908084149",
        "building": "university"
      },
      "geometry": {
        "type": "Polygon",
        "coordinates": [
          [
            [
              -1.5551049,
              53.8037746
            ],
            [
              -1.5550271,
              53.8037745
            ],
            [
              -1.5550273,
              53.8036979
            ],
            [
              -1.55482,
              53.8036977
            ],
            [
              -1.5548197,
              53.80382
            ],
            [
              -1.5549973,
              53.8038202
            ],
            [
              -1.5549972,
              53.8038309
            ],
            [
              -1.5550092,
              53.8038413
            ],
            [
              -1.5550897,
              53.8038406
            ],
            [
              -1.5551047,
              53.8038346
            ],
            [
              -1.5551049,
              53.8037746
            ]
          ]
        ]
      },
      "id": "way/908084149"
    },
    {
      "type": "Feature",
      "properties": {
        "@id": "way/908084152",
        "building": "university",
        "name": "Former GSC intake Sub-Station"
      },
      "geometry": {
        "type": "Polygon",
        "coordinates": [
          [
            [
              -1.5559668,
              53.8044605
            ],
            [
              -1.5559665,
              53.8045307
            ],
            [
              -1.5560675,
              53.8045308
            ],
            [
              -1.5560673,
              53.804585
            ],
            [
              -1.5562015,
              53.8045852
            ],
            [
              -1.5562019,
              53.8044954
            ],
            [
              -1.5561034,
              53.8044952
            ],
            [
              -1.5561036,
              53.8044607
            ],
            [
              -1.5559668,
              53.8044605
            ]
          ]
        ]
      },
      "id": "way/908084152"
    },
    {
      "type": "Feature",
      "properties": {
        "@id": "way/908084164",
        "building": "university",
        "name": "Biological Sciences Teaching Laboratories"
      },
      "geometry": {
        "type": "Polygon",
        "coordinates": [
          [
            [
              -1.5546676,
              53.8041256
            ],
            [
              -1.5545579,
              53.8041261
            ],
            [
              -1.5545584,
              53.8041596
            ],
            [
              -1.5544658,
              53.80416
            ],
            [
              -1.5544705,
              53.8044833
            ],
            [
              -1.5546728,
              53.8044823
            ],
            [
              -1.5546676,
              53.8041256
            ]
          ]
        ]
      },
      "id": "way/908084164"
    },
    {
      "type": "Feature",
      "properties": {
        "@id": "way/934520313",
        "addr:city": "Leeds",
        "addr:country": "GB",
        "addr:postcode": "LS1 3BP",
        "addr:street": "Portland Way",
        "building": "university",
        "name": "Leeds School of Arts"
      },
      "geometry": {
        "type": "Polygon",
        "coordinates": [
          [
            [
              -1.5495587,
              53.8029693
            ],
            [
              -1.549139,
              53.8027873
            ],
            [
              -1.5485503,
              53.803279
            ],
            [
              -1.5489562,
              53.8034537
            ],
            [
              -1.5495587,
              53.8029693
            ]
          ]
        ]
      },
      "id": "way/934520313"
    },
    {
      "type": "Feature",
      "properties": {
        "@id": "way/935282448",
        "building": "university",
        "name": "Esther Simpson Building"
      },
      "geometry": {
        "type": "Polygon",
        "coordinates": [
          [
            [
              -1.5598988,
              53.8062636
            ],
            [
              -1.559605,
              53.8061953
            ],
            [
              -1.5594484,
              53.8064281
            ],
            [
              -1.5594394,
              53.8064455
            ],
            [
              -1.5592607,
              53.8064061
            ],
            [
              -1.5591425,
              53.8065931
            ],
            [
              -1.5596072,
              53.8067012
            ],
            [
              -1.5597478,
              53.8064901
            ],
            [
              -1.5598988,
              53.8062636
            ]
          ]
        ]
      },
      "id": "way/935282448"
    },
    {
      "type": "Feature",
      "properties": {
        "@id": "way/985764205",
        "addr:city": "Leeds",
        "addr:housename": "Sir William Henry Bragg Building",
        "addr:postcode": "LS2 9JT",
        "addr:street": "Woodhouse Lane",
        "building": "university",
        "building:levels": "5",
        "internet_access": "wlan",
        "internet_access:for": "members",
        "internet_access:ssid": "eduroam",
        "name": "Sir William Henry Bragg Building",
        "operator": "University of Leeds"
      },
      "geometry": {
        "type": "Polygon",
        "coordinates": [
          [
            [
              -1.5541172,
              53.8092459
            ],
            [
              -1.5541034,
              53.8094389
            ],
            [
              -1.5542398,
              53.8094419
            ],
            [
              -1.5542812,
              53.8094428
            ],
            [
              -1.5543982,
              53.8094453
            ],
            [
              -1.5546728,
              53.809297
            ],
            [
              -1.5546759,
              53.8092288
            ],
            [
              -1.5545991,
              53.8092277
            ],
            [
              -1.554599,
              53.8092125
            ],
            [
              -1.5545989,
              53.8091972
            ],
            [
              -1.5545811,
              53.8091867
            ],
            [
              -1.5545633,
              53.8091762
            ],
            [
              -1.5545714,
              53.809096
            ],
            [
              -1.5545996,
              53.808769
            ],
            [
              -1.5544534,
              53.8087666
            ],
            [
              -1.5544543,
              53.808728
            ],
            [
              -1.5544551,
              53.8086988
            ],
            [
              -1.5543465,
              53.8086977
            ],
            [
              -1.5543448,
              53.8087248
            ],
            [
              -1.5543421,
              53.8087642
            ],
            [
              -1.5541436,
              53.8087634
            ],
            [
              -1.5541347,
              53.8089915
            ],
            [
              -1.5540647,
              53.80899
            ],
            [
              -1.5540048,
              53.8089884
            ],
            [
              -1.5540135,
              53.8088552
            ],
            [
              -1.5537748,
              53.8088498
            ],
            [
              -1.5537602,
              53.8090751
            ],
            [
              -1.5537463,
              53.8092887
            ],
            [
              -1.5538598,
              53.8092913
            ],
            [
              -1.5539849,
              53.8092941
            ],
            [
              -1.5539883,
              53.8092428
            ],
            [
              -1.5540223,
              53.8092433
            ],
            [
              -1.5541172,
              53.8092459
            ]
          ]
        ]
      },
      "id": "way/985764205"
    },
    {
      "type": "Feature",
      "properties": {
        "@id": "way/1061166442",
        "building": "university",
        "building:levels": "3",
        "name": "18-26 Lyddon Terrace"
      },
      "geometry": {
        "type": "Polygon",
        "coordinates": [
          [
            [
              -1.5594087,
              53.8068637
            ],
            [
              -1.5594178,
              53.8068501
            ],
            [
              -1.5592214,
              53.8068042
            ],
            [
              -1.5591829,
              53.8068617
            ],
            [
              -1.5591018,
              53.8068427
            ],
            [
              -1.5589565,
              53.8068088
            ],
            [
              -1.5589047,
              53.8068862
            ],
            [
              -1.5588421,
              53.8068712
            ],
            [
              -1.5588206,
              53.8069019
            ],
            [
              -1.5589424,
              53.8069303
            ],
            [
              -1.5589606,
              53.8069031
            ],
            [
              -1.5590452,
              53.8069229
            ],
            [
              -1.5591824,
              53.8069549
            ],
            [
              -1.5591356,
              53.8070247
            ],
            [
              -1.5591877,
              53.8070369
            ],
            [
              -1.5591475,
              53.8070969
            ],
            [
              -1.5590964,
              53.8070849
            ],
            [
              -1.559071,
              53.8071227
            ],
            [
              -1.5590916,
              53.8071275
            ],
            [
              -1.5590688,
              53.8071614
            ],
            [
              -1.55909,
              53.8071664
            ],
            [
              -1.5590537,
              53.8072204
            ],
            [
              -1.5590406,
              53.8072173
            ],
            [
              -1.559008,
              53.8072661
            ],
            [
              -1.5591736,
              53.8073048
            ],
            [
              -1.559461,
              53.8068759
            ],
            [
              -1.5594087,
              53.8068637
            ]
          ]
        ]
      },
      "id": "way/1061166442"
    },
    {
      "type": "Feature",
      "properties": {
        "@id": "way/1061166447",
        "addr:city": "Leeds",
        "addr:housename": "Newlyn Building",
        "addr:postcode": "LS2 9NQ",
        "addr:street": "Mount Preston Street",
        "building": "university",
        "name": "Newlyn Building",
        "ref:GB:uprn": "72138791"
      },
      "geometry": {
        "type": "Polygon",
        "coordinates": [
          [
            [
              -1.5585734,
              53.8056254
            ],
            [
              -1.5584779,
              53.8057229
            ],
            [
              -1.5591632,
              53.8059567
            ],
            [
              -1.5592586,
              53.8058593
            ],
            [
              -1.5585734,
              53.8056254
            ]
          ]
        ]
      },
      "id": "way/1061166447"
    },
    {
      "type": "Feature",
      "properties": {
        "@id": "way/1063022736",
        "building": "university",
        "building:levels": "5"
      },
      "geometry": {
        "type": "Polygon",
        "coordinates": [
          [
            [
              -1.5529622,
              53.8071643
            ],
            [
              -1.5529657,
              53.8071052
            ],
            [
              -1.5528997,
              53.8071038
            ],
            [
              -1.5528443,
              53.8071027
            ],
            [
              -1.552833,
              53.8072578
            ],
            [
              -1.552831,
              53.807326
            ],
            [
              -1.5528263,
              53.807405
            ],
            [
              -1.5528442,
              53.8074044
            ],
            [
              -1.552897,
              53.8074054
            ],
            [
              -1.5529955,
              53.8074072
            ],
            [
              -1.552998,
              53.8073648
            ],
            [
              -1.5529504,
              53.8073638
            ],
            [
              -1.5529545,
              53.8072586
            ],
            [
              -1.5529622,
              53.8071643
            ]
          ]
        ]
      },
      "id": "way/1063022736"
    },
    {
      "type": "Feature",
      "properties": {
        "@id": "way/1084473999",
        "addr:housename": "Worsley Building",
        "building": "university",
        "layer": "1",
        "level": "7"
      },
      "geometry": {
        "type": "Polygon",
        "coordinates": [
          [
            [
              -1.5553103,
              53.8036594
            ],
            [
              -1.5553352,
              53.8036593
            ],
            [
              -1.5553532,
              53.8036591
            ],
            [
              -1.5553506,
              53.8035294
            ],
            [
              -1.5553332,
              53.8035295
            ],
            [
              -1.5553127,
              53.8035296
            ],
            [
              -1.5553147,
              53.8036292
            ],
            [
              -1.5552423,
              53.8036297
            ],
            [
              -1.5552425,
              53.8036405
            ],
            [
              -1.5552427,
              53.8036502
            ],
            [
              -1.5553101,
              53.8036497
            ],
            [
              -1.5553103,
              53.8036594
            ]
          ]
        ]
      },
      "id": "way/1084473999"
    },
    {
      "type": "Feature",
      "properties": {
        "@id": "way/1084474021",
        "building": "university",
        "name": "School of Music",
        "ref:GB:uprn": "72650721",
        "wikidata": "Q26229018"
      },
      "geometry": {
        "type": "Polygon",
        "coordinates": [
          [
            [
              -1.5538415,
              53.8061258
            ],
            [
              -1.5538527,
              53.8059082
            ],
            [
              -1.5533593,
              53.8058911
            ],
            [
              -1.5533457,
              53.8060684
            ],
            [
              -1.5533456,
              53.8060984
            ],
            [
              -1.553342,
              53.8061172
            ],
            [
              -1.5538415,
              53.8061258
            ]
          ]
        ]
      },
      "id": "way/1084474021"
    },
    {
      "type": "Feature",
      "properties": {
        "@id": "way/1335719693",
        "building": "university",
        "name": "Calverley Building"
      },
      "geometry": {
        "type": "Polygon",
        "coordinates": [
          [
            [
              -1.5494889,
              53.8039722
            ],
            [
              -1.5496609,
              53.8038327
            ],
            [
              -1.5492101,
              53.8036388
            ],
            [
              -1.5490393,
              53.8037773
            ],
            [
              -1.5494889,
              53.8039722
            ]
          ]
        ]
      },
      "id": "way/1335719693"
    },
    {
      "type": "Feature",
      "properties": {
        "@id": "way/1335719695",
        "building": "university",
        "layer": "1",
        "name": "Leslie Silver Buildings"
      },
      "geometry": {
        "type": "Polygon",
        "coordinates": [
          [
            [
              -1.5486132,
              53.804332
            ],
            [
              -1.5491683,
              53.8038818
            ],
            [
              -1.5486015,
              53.8036747
            ],
            [
              -1.5481127,
              53.8040981
            ],
            [
              -1.5486132,
              53.804332
            ]
          ]
        ]
      },
      "id": "way/1335719695"
    }
  ]
}